ID,Title,Author,Venue,SearchString,v1_decision,v1_reason,v2_decision,v2_reason
1,A Comprehensive Study on Large Language Models for Mutation Testing,"Wang, Bo; Chen, Mingda; Deng, Ming; Lin, Youfang; Harman, Mark; Papadakis, Mike; Zhang, Jie M.",ACM Transactions on Software Engineering and Methodology,String A,INCLUDE,"Relevant: evaluates LLM-based mutant generation for mutation testing with Java bug benchmarks and quantitative outcomes such as real bug detection, compilability, duplicate and equivalent mutant rates.",INCLUDE,"Full text is in English, 2025+ and appears as ACM TOSEM/preprint version. It directly studies LLM-based mutation testing, mutant generation quality, Java bug benchmarks, and quantitative outcomes such as real bug detection, non-compilability, duplication and equivalent mutant rates."
2,Boosting LLMs for Mutation Generation,"Wang, Bo; Deng, Ming; Chen, Mingda; Yang, Chengran; Lin, Youfang; Harman, Mark; Papadakis, Mike; Zhang, Jie M.",,String A,INCLUDE,"Relevant: proposes SMART, an LLM/RAG/fine-tuned mutation generation approach evaluated on Java bugs with quantitative results on validity, duplicate rate, compilability, efficiency, bug detection and fault localization.",INCLUDE,"Full text directly proposes SMART for LLM-based mutation generation using RAG and fine-tuning, evaluates on Java real-world bug benchmarks, compares with LLMut/LLMorpheus, and reports quantitative validity, duplicate, compilability, efficiency, bug detection and fault-localization outcomes."
3,Mutation-guided unit test generation with a large language model,"Wang, Guancheng; Xu, Qinghua; Briand, Lionel; Liu, Kui",IEEE Transactions on Software Engineering,String A,INCLUDE,Relevant: proposes mutation-guided LLM-based unit test generation and evaluates it with mutation score against EvoSuite and vanilla prompting; directly connects LLMs with mutation testing outcomes.,INCLUDE,"Full text proposes MUTGEN, a mutation-guided LLM-based unit test generation approach using mutation feedback. It is empirically evaluated on benchmark subjects against EvoSuite and vanilla prompting with mutation score and mutant-analysis outcomes."
4,TestAgentX: Leveraging Large Language Models and Reinforcement Learning for Scalable and Adaptive Software Testing,"Ashwitha, A.; Naresh, E.","2026 International Conference on Next-Gen Quantum and Advanced Computing: Algorithms, Security, and Beyond (NQComp)",String A,EXCLUDE,"EC4: Title does not focus on mutation testing/mutants; mainly about test generation, fuzzing, code generation, defect prediction, or another SE topic.",,
5,Test vs Mutant: Adversarial LLM Agents for Robust Unit Test Generation,"Chang, Pengyu; Fang, Yixiong; Chen, Silin; Shi, Yuling; Shen, Beijun; Gu, Xiaodong",,String A,Unsure,"Related to LLM-powered test generation using a mutant generation agent and mutation score, but the main focus is adversarial test case generation rather than mutant selection/ranking or reduction compared with random selection.",EXCLUDE,"Excluded by IC4: The full text mainly focuses on adversarial LLM-based unit test generation. Although it uses mutants and mutation score, it does not study LLM-based mutant ranking/selection, mutant prioritization, or mutation-testing effort reduction against a random mutant-selection baseline."
6,GEM: A Framework for Strengthening LLM-Generated Unit Tests Using Mutation Feedback,"Celik, Arda; Mahmoud, Qusay H.",Congresso Ibero-Americano em Engenharia de Software (CIbSE),String A,INCLUDE,"Relevant: uses mutation feedback to strengthen LLM-generated unit tests and evaluates mutation-score improvement, directly connecting LLM-based testing with mutation testing effectiveness.",EXCLUDE,"Excluded by IC4: The study focuses on strengthening LLM-generated unit tests using mutation feedback. Mutation testing is used as an adequacy/evaluation signal, but the paper does not investigate AI-guided mutant selection/ranking or reduction of executed mutants compared with random selection."
7,SWE-Mutation: Can LLMs Generate Reliable Test Suites in Software Engineering?,"Sun, Yuxuan; Zhao, Yuze; Wang, Yufeng; Du, Yao; Ma, Zhiyuan; Wang, Jinbo; Zhang, Mengdi; Zhang, Kai; Huang, Zhenya",,String A,Unsure,"Related because it evaluates LLM-generated test suites using generated mutants and reports detection rates, but it is mainly an LLM benchmark/test-suite evaluation paper rather than mutation testing optimization or mutant selection.",EXCLUDE,"Excluded by IC4: The paper primarily evaluates whether LLMs can generate reliable test suites. Mutation score may be used as an evaluation metric, but the intervention is LLM-based test-suite generation rather than mutant ranking/selection or prioritization for reducing mutation-testing effort."
8,GEM-LLM: Identifying contextual equivalent mutants via large language models; A global invariant-based approach,"Tanhaei, Mohammad; Alizadehsani, Roohallah",Intelligent Systems with Applications,String A,INCLUDE,"Relevant: applies LLMs to identify contextual equivalent mutants in mutation testing and reports quantitative results on Defects4J, addressing mutation testing cost and mutation score accuracy.",INCLUDE,"Full text directly applies LLMs to identify contextual equivalent mutants using invariants, addresses a core mutation-testing cost/quality problem, and includes empirical quantitative evaluation on mutation-testing datasets."
9,PITMuS: A Tool for Automated Bug Dataset Generation via Source-Level Mutant Reconstruction,"Tasnim, Tasfia; Hossain, Soneya Binta",,String A,EXCLUDE,"Excluded by IC4: the paper mainly presents a dataset/tool for reconstructing source-level mutants to support downstream LLM/software-engineering datasets, not an AI/ML/LLM-guided mutation testing approach.",,
10,A Proposed Model for Test Coverage Optimisation Using AI,"Thirukandiyur, Lakshmi Sravanya",Available at SSRN 6537638,String A,EXCLUDE,"EC4: Title does not focus on mutation testing/mutants; mainly about test generation, fuzzing, code generation, defect prediction, or another SE topic.",,
11,Evaluating LLM-Based Test Generation Under Software Evolution,"Haroon, Sabaat; Khan, Mohammad Taha; Gulzar, Muhammad Ali",arXiv preprint arXiv:2603.23443,String A,EXCLUDE,"EC4: Title does not focus on mutation testing/mutants; mainly about test generation, fuzzing, code generation, defect prediction, or another SE topic.",,
12,Enhancing Automated Unit Test Generation with Large Language Models: A Systematic Literature Review,"Zhang, Junwei; Hu, Xing; Gao, Cuiyun; Xia, Xin; Li, Shanping",ACM Transactions on Software Engineering and Methodology,String A,EXCLUDE,"EC4: Title does not focus on mutation testing/mutants; mainly about test generation, fuzzing, code generation, defect prediction, or another SE topic.",,
13,Artificial Intelligence in Software Testing and Beyond: A Review of Current Practices and Emerging Challenges,"Lisaru, Codrina-Victoria; Kifor, Claudiu-Vasile",Acta Informatica Pragensia,String A,EXCLUDE,"EC4: Title does not focus on mutation testing/mutants; mainly about test generation, fuzzing, code generation, defect prediction, or another SE topic.",,
14,SecMutBench: Evaluating LLM-Generated Security Tests via Mutation-Based Vulnerability Detection,"ALMutairi, Mariam",,String A,EXCLUDE,EC4: Not sufficiently related to mutation testing and AI-guided mutant selection based on title.,,
15,MuMuTestUp: Mutation-based Multi-Agent Test Case Update,"Tian, Dawei; Liu, Jiakun; Peng, Yun; Zhang, Yichen; Chi, Jianlei; Sun, Jun; Su, Xiaohong",arXiv preprint arXiv:2605.19265,String A,EXCLUDE,EC4: Not sufficiently related to mutation testing and AI-guided mutant selection based on title.,,
16,Test case generation using large language models: a systematic literature review,"Tasarsu, Murat; Tokmak, Ahmet Vedat; Catal, Cagatay",Cluster Computing,String A,EXCLUDE,"EC4: Title does not focus on mutation testing/mutants; mainly about test generation, fuzzing, code generation, defect prediction, or another SE topic.",,
17,Evaluating the Effectiveness of LLM-Generated Unit Tests in the Context of Industrial DBMS,"Bekmyradov, Vekilmuhammet",,String A,EXCLUDE,"EC4: Title does not focus on mutation testing/mutants; mainly about test generation, fuzzing, code generation, defect prediction, or another SE topic.",,
18,Improving the Quality of GitHub Copilot Generated Unit Tests,"Schallermayer, Max; Schnappinger, Markus",Software Architecture as the Backbone of Software Quality,String A,EXCLUDE,"EC4: Title does not focus on mutation testing/mutants; mainly about test generation, fuzzing, code generation, defect prediction, or another SE topic.",,
19,Improving Random Test Generation via AI-Generated Seed Sequences,"Zangaria, Mohammad; Awad, Aiman",,String A,EXCLUDE,"EC4: Title does not focus on mutation testing/mutants; mainly about test generation, fuzzing, code generation, defect prediction, or another SE topic.",,
20,Evaluating the Complex Reasoning and Performance Capabilities of Large Language Models for Test Case Generation: A Learning-Based Software Testing Suite for Benchmarking Generative AI in Automated Test Case Generation,"Bala Mahalingam, Vijay; Parthasarathy, Harish; Baskaran, Aakash; Chandrasekaran, Bharath; Rajeshkumar, Muthukrishnan",Proceedings of the 2026 10th International Conference on Control Engineering and Artificial Intelligence,String A,EXCLUDE,"EC4: Title does not focus on mutation testing/mutants; mainly about test generation, fuzzing, code generation, defect prediction, or another SE topic.",,
21,A quantized LLM driven framework for automated software testing,"Ahmed, Rashed",,String A,EXCLUDE,"EC4: Title does not focus on mutation testing/mutants; mainly about test generation, fuzzing, code generation, defect prediction, or another SE topic.",,
22,"Methodological pitfalls in predictive mutation testing: threats, impact and open challenges","Delgado-Pérez, Pedro; Balderas-Díaz, Sara; Medina-Bulo, Inmaculada; Guerrero-Contreras, Gabriel",Automated Software Engineering,String A,INCLUDE,Relevant: focuses on predictive mutation testing using predictive models to reduce mutation testing cost and includes empirical validation of methodological threats and impacts.,INCLUDE,"Full text focuses on predictive mutation testing, a learning-based approach for reducing mutation-testing cost, and provides an empirical methodological analysis of PMT threats, impacts and open challenges with quantitative evidence."
23,Automatic Generation and Evaluation of Programming Questions from Source Code,"Alshboul, Jawad Ahmad Qasem",,String A,EXCLUDE,"EC4: Title does not focus on mutation testing/mutants; mainly about test generation, fuzzing, code generation, defect prediction, or another SE topic.",,
24,Generative AI in Software Testing: Current Trends and Future Directions,"Singla, Tanish; Mahmoud, Qusay H.",arXiv preprint arXiv:2603.02141,String A,EXCLUDE,"EC4: Title does not focus on mutation testing/mutants; mainly about test generation, fuzzing, code generation, defect prediction, or another SE topic.",,
25,Prompt engineering in LLMs for automated unit test generation: A large-scale study,"Ouédraogo, Wendkûuni C.; Kaboré, Abdoul Kader; Li, Yinghua; Tian, Haoye; Koyuncu, Anil; Klein, Jacques; Lo, David; Bissyandé, Tegawendé F.",Empirical Software Engineering,String A,EXCLUDE,"EC4: Title does not focus on mutation testing/mutants; mainly about test generation, fuzzing, code generation, defect prediction, or another SE topic.",,
26,AutoJML: Generation and Verification of JML Specifications Using LLM Agents,"Ayon, Ragib Shahariar; Ahmed, Shibbir",IEEE pulse,String A,EXCLUDE,"EC4: Title does not focus on mutation testing/mutants; mainly about test generation, fuzzing, code generation, defect prediction, or another SE topic.",,
27,Beyond Coverage: Automatic Test Suite Augmentation for Enhanced Effectiveness using Large Language Models,"Lu, Zeyu; Zhang, Peng; Nie, Yuge; Yang, Yibiao; Tang, Yutian; Chong, Chun Yong; Zhou, Yuming",Proceedings of the ACM on Programming Languages,String A,EXCLUDE,"EC4: Title does not focus on mutation testing/mutants; mainly about test generation, fuzzing, code generation, defect prediction, or another SE topic.",,
28,INTEGRATION OF ARTIFICIAL IN℡LIGENCE TOOLS INTO AUTOMATED SOFTWARE TESTING: INCREASING ACCURACY AND EFFICIENCY,"Zadorozhnii, A. V.",ВЧЕНІ ЗАПИСКИ,String A,EXCLUDE,"EC4: Title does not focus on mutation testing/mutants; mainly about test generation, fuzzing, code generation, defect prediction, or another SE topic.",,
29,Exploring the Potential of Large Language Models in Simulink-Stateflow Mutant Generation,"Valle, Pablo; Ali, Shaukat; Arrieta, Aitor",arXiv preprint arXiv:2602.04066,String A,INCLUDE,"Relevant: investigates LLM-based mutant generation, compares prompting strategies across multiple LLMs, and reports quantitative results on mutant quality, speed, duplicates and equivalent mutants.",EXCLUDE,"Excluded by IC4 / scope mismatch: The paper addresses LLM-based mutant generation for Simulink-Stateflow models, not Java projects. It does not evaluate LLM-based mutant selection/ranking on Java mutation testing or compare effort reduction with random mutant selection."
30,"Adaptive and AI-Augmented Security Testing: A Systematic Survey of Program Analysis, Feedback-Driven Testing, and Hybrid Learning-Based Approaches","Wienczkowski, Michael",arXiv preprint arXiv:2604.27000,String A,EXCLUDE,"EC4: Title does not focus on mutation testing/mutants; mainly about test generation, fuzzing, code generation, defect prediction, or another SE topic.",,
31,"Automated and Effective Metamorphic Testing: Relation Discovery, Deduction, and Generation","Xu, Congying",,String A,EXCLUDE,"EC4: Title does not focus on mutation testing/mutants; mainly about test generation, fuzzing, code generation, defect prediction, or another SE topic.",,
32,AI-Driven Software Development: A New Course Concept and Assessment Model for the Era of Large Language Models,"Fein, Benedikt; Fraser, Gordon; Herbold, Steffen",International Conference on Software Engineering–Software Engineering Education Track (ICSE-SEET),String A,EXCLUDE,"EC4: Title does not focus on mutation testing/mutants; mainly about test generation, fuzzing, code generation, defect prediction, or another SE topic.",,
33,PR-Aware Automated Unit Test Generation: Challenges and Opportunities,"Haratian, Vahid; Akar, Atakan; Çakar, Berk; Tüzün, Eray",arXiv preprint arXiv:2605.25285,String A,EXCLUDE,"EC4: Title does not focus on mutation testing/mutants; mainly about test generation, fuzzing, code generation, defect prediction, or another SE topic.",,
34,Impact of code context and prompting strategies on automated unit test generation with modern general-purpose large language models,"Walczak, Jakub; Tomalak, Piotr; Laskowski, Artur",Journal of Systems and Software,String A,EXCLUDE,"EC4: Title does not focus on mutation testing/mutants; mainly about test generation, fuzzing, code generation, defect prediction, or another SE topic.",,
35,PreventativeTestPro: A Scalable Hybrid Testing Framework Utilizing Observability and Generative AI for Proactive Software Quality Engineering,"Patel, Soham; Patil, Kailas; Meshram, Vishal; Chumchu, Prawit",JoVE (Journal of Visualized Experiments),String A,EXCLUDE,"EC4: Title does not focus on mutation testing/mutants; mainly about test generation, fuzzing, code generation, defect prediction, or another SE topic.",,
36,"Python Unit Tests Generation: A comparative Study on Claude Code, Cursor, GitHub Copilot and Amazon Q","Hassan, Moavia; Liu, Zhengli; Wang, Bangchao; Li, Bing; Wang, Jian","Cursor, GitHub Copilot and Amazon Q",String A,EXCLUDE,"EC4: Title does not focus on mutation testing/mutants; mainly about test generation, fuzzing, code generation, defect prediction, or another SE topic.",,
37,A semantic mutation metric for metamorphic relation adequacy in scientific computing programs,"Li, Meng; Yang, Xiaohua; Liu, Jie; Yan, Shiyu",arXiv preprint arXiv:2605.17437,String A,Unsure,"Related because it includes LLM-generated mutants and a semantic mutation metric, but the focus is metamorphic-relation adequacy in scientific computing rather than AI-guided mutant selection or standard mutation testing cost reduction.",EXCLUDE,"Excluded by IC4: The paper proposes/evaluates a semantic mutation metric for metamorphic relation adequacy in scientific computing. It is related to mutation analysis, but does not apply AI/ML/LLM-guided mutant selection/ranking and does not match the Java-project mutation-testing RQ."
38,Impact Assessment of Structured Results for the Reliability of LLM-generated Tests,"Zapkus, Dovydas Marius; Slotkienė, Asta","2026 Open Conference of Electrical, Electronic and Information Sciences (eStream)",String A,EXCLUDE,"EC4: Title does not focus on mutation testing/mutants; mainly about test generation, fuzzing, code generation, defect prediction, or another SE topic.",,
39,Fuzzing with Agents? Generators Are All You Need,"Vikram, Vasudev; Padhye, Rohan",arXiv preprint arXiv:2604.01442,String A,EXCLUDE,"EC4: Title does not focus on mutation testing/mutants; mainly about test generation, fuzzing, code generation, defect prediction, or another SE topic.",,
40,Reliable Automatic Software Bug Fixing with Large Language Models: Challenges and Solutions,"Le, Cong Thanh",,String A,EXCLUDE,"EC4: Title does not focus on mutation testing/mutants; mainly about test generation, fuzzing, code generation, defect prediction, or another SE topic.",,
41,Automated test plan generation using large language models,"Haldar, Susmita; Capretz, Luiz Fernando",Software Quality Journal,String A,EXCLUDE,"EC4: Title does not focus on mutation testing/mutants; mainly about test generation, fuzzing, code generation, defect prediction, or another SE topic.",,
42,Learning compiler fuzzing mutators from historical bugs,"Liu, Lingjun; Qin, F.; Legunsen, Owolabi; d'Amorim, A.",,String A,EXCLUDE,"EC4: Title does not focus on mutation testing/mutants; mainly about test generation, fuzzing, code generation, defect prediction, or another SE topic.",,
43,Natural language processing metrics efficiency for evaluating a generated code: facing the challenge,"Fedrushkov, Dmitriy V.; Kovalchuk, Sergey V.; Aliev, Artem A.","Научно-технический вестник информационных технологий, механики и оптики",String A,EXCLUDE,"EC4: Title does not focus on mutation testing/mutants; mainly about test generation, fuzzing, code generation, defect prediction, or another SE topic.",,
44,An Efficient Deep Path Coverage-Based Approach for Automated Software Structural Testing,"Arasteh, Bahman; Sheshgelani, Mohammadali Ipchi; Kusetogullari, Huseyin",Symmetry,String A,EXCLUDE,"EC4: Title does not focus on mutation testing/mutants; mainly about test generation, fuzzing, code generation, defect prediction, or another SE topic.",,
45,Automated Software Test Generation at Industry Scale Using a Multi-Agent Architecture and Workflow Integration,"Rastenis, Matas; Chou, Ben; Choudhary, Shauvik Roy; Just, René",,String A,EXCLUDE,"EC4: Title does not focus on mutation testing/mutants; mainly about test generation, fuzzing, code generation, defect prediction, or another SE topic.",,
46,Boosting Test Generation in Industrial Codebases: A Comparative Study of Base and Fine-Tuned LLMs,"Ahmad, Azeem; Naeem, Muhammad Rashid",IEEE Access,String A,EXCLUDE,"EC4: Title does not focus on mutation testing/mutants; mainly about test generation, fuzzing, code generation, defect prediction, or another SE topic.",,
47,Innovating proficiency testing in software: a digital process with LLM-integrated support tool and automated indicators,"Dallilo, Felipe; Souza, Simone; Delamaro, Márcio",Software Quality Journal,String A,EXCLUDE,"EC4: Title does not focus on mutation testing/mutants; mainly about test generation, fuzzing, code generation, defect prediction, or another SE topic.",,
48,A Logic-Guided and Explainable Approach to LLM-Based Unit Test Generation,"Zeng, Cong; Li, Meng; Liu, Fei; Yang, Xiaohua; Liu, Jie; Yan, Shiyu",Applied Sciences,String A,EXCLUDE,"EC4: Title does not focus on mutation testing/mutants; mainly about test generation, fuzzing, code generation, defect prediction, or another SE topic.",,
49,How well LLM-based test generation techniques perform with newer LLM versions?,"Konstantinou, Michael; Degiovanni, Renzo; Papadakis, Mike",arXiv preprint arXiv:2601.09695,String A,EXCLUDE,"EC4: Title does not focus on mutation testing/mutants; mainly about test generation, fuzzing, code generation, defect prediction, or another SE topic.",,
50,TAM-Eval: Evaluating LLMs for Automated Unit Test Maintenance,"Bruches, Elena; Alperovich, Vadim; Baturova, Dari; Derunets, Roman; Grebenkin, Daniil; Mkrtchyan, Georgy; Sedukhin, Oleg; Klementev, Mikhail; Bondarenko, Ivan; Bushkov, Nikolay",arXiv preprint arXiv:2601.18241,String A,EXCLUDE,"EC4: Title does not focus on mutation testing/mutants; mainly about test generation, fuzzing, code generation, defect prediction, or another SE topic.",,
51,Just-In-Time Quality Assurance with Assistance of Automated Defect Prediction and Code Testing,"Tian, Dawei; Song, Liyan; Su, Xiaohong",ACM Transactions on Software Engineering and Methodology,String A,EXCLUDE,"EC4: Title does not focus on mutation testing/mutants; mainly about test generation, fuzzing, code generation, defect prediction, or another SE topic.",,
52,Test-Driven AI Agent Definition (TDAD): Compiling Tool-Using Agents from Behavioral Specifications,"Rehan, Tzafrir",arXiv preprint arXiv:2603.08806,String A,EXCLUDE,"EC4: Title does not focus on mutation testing/mutants; mainly about test generation, fuzzing, code generation, defect prediction, or another SE topic.",,
53,SAGE: Specification-Aware Grammar Extraction for Automated Test Case Generation with LLMs,"Aditi, Aditi; Park, Hyunwoo; Sung, Sicheol; Han, Yo-Sub; Ko, Sang-Ki",Available at SSRN 6672672,String A,EXCLUDE,"EC4: Title does not focus on mutation testing/mutants; mainly about test generation, fuzzing, code generation, defect prediction, or another SE topic.",,
54,Knowledge Matters: Injecting Project and Testing Knowledge into LLM-based Unit Test Generation,"Li, Anji; Liu, Mingwei; Chen, Zhenxi; Pei, Zheng; Li, Zike; Dai, Dekun; Wang, Yanlin; Zheng, Zibin",,String A,EXCLUDE,"EC4: Title does not focus on mutation testing/mutants; mainly about test generation, fuzzing, code generation, defect prediction, or another SE topic.",,
55,"DevBench: A Realistic, Developer-Informed Benchmark for Code Generation Models","Golnari, Pareesa Ameneh; Kumarappan, Adarsh; Wen, Wen; Liu, Xiaoyu; Ryan, Gabriel; Sun, Yuting; Fu, Shengyu; Nallipogu, Elsie",arXiv preprint arXiv:2601.11895,String A,EXCLUDE,"EC4: Title does not focus on mutation testing/mutants; mainly about test generation, fuzzing, code generation, defect prediction, or another SE topic.",,
56,Advancing Code Coverage: Incorporating Program Analysis with Large Language Models,"Yang, Chen; Chen, Junjie; Lin, Bin; Wang, Ziqi; Zhou, Jianyi",ACM Transactions on Software Engineering and Methodology,String A,EXCLUDE,"EC4: Title does not focus on mutation testing/mutants; mainly about test generation, fuzzing, code generation, defect prediction, or another SE topic.",,
57,"Have model transformation languages failed?: On the rise, fall and revival of model transformation languages","De Lara, Juan; Guerra, Esther; Cuadrado, Jesús Sánchez",Software and Systems Modeling,String A,EXCLUDE,"EC4: Title does not focus on mutation testing/mutants; mainly about test generation, fuzzing, code generation, defect prediction, or another SE topic.",,
58,Evaluating LLM-Based Regression Test Generation,"LIU, JING; LEE, SEONGMIN; LOSIOUK, ELEONORA; BÖHME, MARCEL",,String A,EXCLUDE,"EC4: Title does not focus on mutation testing/mutants; mainly about test generation, fuzzing, code generation, defect prediction, or another SE topic.",,
59,Automatic Generation of Formal Specification and Verification Annotations Using LLMs and Test Oracles,"Faria, João Pascoal; Trigo, Emanuel; Honorato, Vinicius; Abreu, Rui",arXiv preprint arXiv:2601.12845,String A,EXCLUDE,"EC4: Title does not focus on mutation testing/mutants; mainly about test generation, fuzzing, code generation, defect prediction, or another SE topic.",,
60,Operational Robustness of LLMs on Code Generation,"Paul, Debalina Ghosh; Zhu, Hong; Bayley, Ian",arXiv preprint arXiv:2602.18800,String A,EXCLUDE,"EC4: Title does not focus on mutation testing/mutants; mainly about test generation, fuzzing, code generation, defect prediction, or another SE topic.",,
61,Mutation Testing for Assessing RAG Pipeline Reliability: The System Prompt as the Primary Grounding Mechanism,"Momtaz, Yahya; Brescia, Massimo; Ettari, Adriano",,String A,EXCLUDE,EC4: Mutation is used in a different context and the title does not indicate AI-guided mutant selection/ranking for Java projects.,,
62,"Foundation Models in Software Engineering: A Taxonomy, Systematic Review, and In-Depth Analysis of Testing Support","Banitaan, Shadi; Daoud, Mohammad; Alquran, Hebah; Akour, Mohammad",Information,String A,EXCLUDE,"EC4: Title does not focus on mutation testing/mutants; mainly about test generation, fuzzing, code generation, defect prediction, or another SE topic.",,
63,RM-RF: Reward Model for Run-Free Unit Test Evaluation,"Bruches, Elena; Grebenkin, Daniil; Klementev, Mikhail; Alperovich, Vadim; Derunets, Roman; Baturova, Dari; Mkrtchyan, Georgy; Sedukhin, Oleg; Bondarenko, Ivan; Bushkov, Nikolay",arXiv preprint arXiv:2601.13097,String A,EXCLUDE,"EC4: Title does not focus on mutation testing/mutants; mainly about test generation, fuzzing, code generation, defect prediction, or another SE topic.",,
64,An Empirical Study on Pragmatic Unit Test Generation with Large Language Models,"Lan, Tian; Xue, Kaiyuan; Duan, Ruyuan; Sun, Meng",,String A,EXCLUDE,"EC4: Title does not focus on mutation testing/mutants; mainly about test generation, fuzzing, code generation, defect prediction, or another SE topic.",,
65,Hybrid Fault-Driven Mutation Testing for Python,"Alimadadi, Saba; Gharachorlu, Golnaz",arXiv preprint arXiv:2601.19088,String A,EXCLUDE,"Excluded by IC4: the paper proposes Python mutation operators using static/dynamic analysis, but the abstract does not apply AI/ML/LLM or intelligent optimization techniques.",,
66,Generative AI-Assisted Framework for Secure and Autonomous Software Development Lifecycle Optimization,"Srinivas, Pattlola; Mohammad, Addul Rahmath; Neelima, T.; Kundiladi, Mohammed Shafi; Ramamoorthy, Selvamurugan; Katta, Sivakoteswararao",2026 6th International Conference on Image Processing and Capsule Networks (ICIPCN),String A,EXCLUDE,"EC4: Title does not focus on mutation testing/mutants; mainly about test generation, fuzzing, code generation, defect prediction, or another SE topic.",,
67,Improving LLM-Driven Test Generation by Learning from Mocking Information,"Lee, Jamie; Teh, Flynn; Zhu, Hengcheng; Li, Mengzhen; Fazzini, Mattia; Terragni, Valerio",arXiv preprint arXiv:2604.19315,String A,EXCLUDE,"EC4: Title does not focus on mutation testing/mutants; mainly about test generation, fuzzing, code generation, defect prediction, or another SE topic.",,
68,SPARC: Scenario Planning and Reasoning for Automated C Unit Test Generation,"Chowdhury, Jaid Monwar; Fu, Chi-An; Jabbarvand, Reyhaneh",arXiv preprint arXiv:2602.16671,String A,EXCLUDE,"EC4: Title does not focus on mutation testing/mutants; mainly about test generation, fuzzing, code generation, defect prediction, or another SE topic.",,
69,Generalizing Test Cases for Comprehensive Test Scenario Coverage,"Qi, Binhang; Lin, Yun; Weng, Xinyi; Liu, Chenyan; Sun, Hailong; Fraser, Gordon; Dong, Jin Song",arXiv preprint arXiv:2604.21771,String A,EXCLUDE,"EC4: Title does not focus on mutation testing/mutants; mainly about test generation, fuzzing, code generation, defect prediction, or another SE topic.",,
70,AutoReSpec: A Framework for Generating Specification using Large Language Models,"Ayon, Ragib Shahariar; Ahmed, Shibbir",arXiv preprint arXiv:2604.03758,String A,EXCLUDE,"EC4: Title does not focus on mutation testing/mutants; mainly about test generation, fuzzing, code generation, defect prediction, or another SE topic.",,
71,Less Is More: Failing Test Generation with Large Language Models,"Li, Tsz-On; Yan, Xiaochuan; Zong, Wenxi; Wang, Yibo; Tian, Haoye; Xu, Congying; Wang, Ying; Cheung, Shing-Chi; Kramer, Jeff",ACM Transactions on Software Engineering and Methodology,String A,EXCLUDE,"EC4: Title does not focus on mutation testing/mutants; mainly about test generation, fuzzing, code generation, defect prediction, or another SE topic.",,
72,Proactive Multi-Agent Systems for Autonomous Code Generation and Software Maintenance,"Elsayed, Saher; Abubaker, Samer; Ali, Mohamed; Elbtity, Mohammed",,String A,EXCLUDE,"EC4: Title does not focus on mutation testing/mutants; mainly about test generation, fuzzing, code generation, defect prediction, or another SE topic.",,
73,An Automated Methodology for Generating Labeled Datasets of Semantic Errors in Code,"Kassem, Mahmoud; Ribeiro, Francisco; Nadi, Sarah",,String A,EXCLUDE,"EC4: Title does not focus on mutation testing/mutants; mainly about test generation, fuzzing, code generation, defect prediction, or another SE topic.",,
74,CONCUR: Benchmarking LLMs for Concurrent Code Generation,"Huang, Jue; Mahmud, Tarek; Pasareanu, Corina; Yang, Guowei",,String A,EXCLUDE,"EC4: Title does not focus on mutation testing/mutants; mainly about test generation, fuzzing, code generation, defect prediction, or another SE topic.",,
75,Automated Test Suite Enhancement Using Large Language Models with Few-shot Prompting,"Chudic, Alex; Çalıklı, Gül",,String A,EXCLUDE,"EC4: Title does not focus on mutation testing/mutants; mainly about test generation, fuzzing, code generation, defect prediction, or another SE topic.",,
76,RESTestBench: A Benchmark for Evaluating the Effectiveness of LLM-Generated REST API Test Cases from NL Requirements,"Kogler, Leon; Hangler, Stefan; Ehrhart, Maximilian; Dornauer, Benedikt; Wuersching, Roland; Schrammel, Peter",,String A,EXCLUDE,"EC4: Title does not focus on mutation testing/mutants; mainly about test generation, fuzzing, code generation, defect prediction, or another SE topic.",,
77,Mutation based improvement of security test case quality for broken access control,"Abdurrasyid; Asnar, Yudistira; Ayu Putri Saptawati, Gusti",Journal on Information Security,String A,EXCLUDE,"Excluded by IC4: the paper proposes security-focused mutation operators for broken access control, but does not apply AI/ML/LLM or intelligent optimization.",,
78,Fuzzing-based mutation testing of C/C++ software in cyber-physical systems,"Lee, Jaekwon; Pastore, Fabrizio; Briand, Lionel",Empirical Software Engineering,String A,EXCLUDE,EC4: Mutation is used in a different context and the title does not indicate AI-guided mutant selection/ranking for Java projects.,,
79,ScratchEval : A Multimodal Evaluation Framework for LLMs in Block-Based Programming,"Si, Yuan; Han, Simeng; Li, Daming; Shi, Hanyuan; Zhang, Jialu",,String A,EXCLUDE,"EC4: Title does not focus on mutation testing/mutants; mainly about test generation, fuzzing, code generation, defect prediction, or another SE topic.",,
80,A Survey on Large Language Models for Code Generation,"Jiang, Juyong; Wang, Fan; Shen, Jiasi; Kim, Sungju; Kim, Sunghun",ACM Transactions on Software Engineering and Methodology,String A,EXCLUDE,"EC4: Title does not focus on mutation testing/mutants; mainly about test generation, fuzzing, code generation, defect prediction, or another SE topic.",,
81,On-demand generation of high-quality software engineering datasets using large language models and ontologies,"Bishop, George; Chakraborty, Suranjan; Zhou, Honghe; Dehlinger, Josh; Deng, Lin; Lin, Jonah; Kist, Benjamin",Automated Software Engineering,String A,EXCLUDE,"EC4: Title does not focus on mutation testing/mutants; mainly about test generation, fuzzing, code generation, defect prediction, or another SE topic.",,
82,A Declarative Framework for Hand-Crafted Mutation Analysis and Management,"Keles, Alperen",,String A,EXCLUDE,"Excluded by IC4: the paper focuses on hand-crafted mutant representation and management tooling, not AI/ML/LLM-guided mutation testing.",,
83,AI-Powered Defect Prediction: From Code Smells to Failure Forecasting,"Rahman, Md Mostafizur; Gony, Md Najmul; SD, Maria Khatun Shuvra; Rahman, Md Mashfiquer; Hossain, Mohammad Shahadat",International Journal of Communication Networks and Information Security,String A,EXCLUDE,"EC4: Title does not focus on mutation testing/mutants; mainly about test generation, fuzzing, code generation, defect prediction, or another SE topic.",,
84,SPELL: Synthesis of Programmatic Edits using LLMs,"Ramos, Daniel; Gamboa, Catarina; Lynce, Inês; Manquinho, Vasco; Martins, Ruben; Goues, Claire Le",,String A,EXCLUDE,"EC4: Title does not focus on mutation testing/mutants; mainly about test generation, fuzzing, code generation, defect prediction, or another SE topic.",,
85,Toward Automated Validation of Language Model Synthesized Test Cases using Semantic Entropy,"Taherkhani, Hamed; Shin, Jiho; Tahir, Muhammad Ammar; Misu, Md Rakib Hossain; Gattani, Vineet Sunil; Hemmati, Hadi",IEEE Transactions on Software Engineering,String A,EXCLUDE,"EC4: Title does not focus on mutation testing/mutants; mainly about test generation, fuzzing, code generation, defect prediction, or another SE topic.",,
86,Benchmarking AI Models for Automated Code Generation and Testing Using HumanEval,"Manzoor, Maria; Rehman, Mujeeb Ur; Kazim, Muhammad; Deka, Lipika; Khattak, Aizaz Ahmad; Usmani, Irfan Ahmed",2026 Global Conference on Wireless and Optical Technologies (GCWOT),String A,EXCLUDE,"EC4: Title does not focus on mutation testing/mutants; mainly about test generation, fuzzing, code generation, defect prediction, or another SE topic.",,
87,An LLM-Powered API Testing Framework Based on Structural Similarity Analysis,"Sezgin, Anıl; Kocatekin, Tuğberk; Yağcıoğlu, Mert",2026 14th International Symposium on Digital Forensics and Security (ISDFS),String A,EXCLUDE,"EC4: Title does not focus on mutation testing/mutants; mainly about test generation, fuzzing, code generation, defect prediction, or another SE topic.",,
88,POSTCONDBENCH: Benchmarking Correctness and Completeness in Formal Postcondition Inference,"Zhang, Gehao; Zhai, Juan",,String A,EXCLUDE,"EC4: Title does not focus on mutation testing/mutants; mainly about test generation, fuzzing, code generation, defect prediction, or another SE topic.",,
89,TOGBench: A Developer-Written Multi-Variant Dataset and Benchmark Suite for Test Oracle Generation,"Tasnim, Tasfia; Dwyer, Matthew B.; Hossain, Soneya Binta",,String A,EXCLUDE,"EC4: Title does not focus on mutation testing/mutants; mainly about test generation, fuzzing, code generation, defect prediction, or another SE topic.",,
90,Exploring Code Analysis: Zero-Shot Insights on Syntax and Semantics with LLMs,"Ma, Wei; Lin, Zhihao; Liu, Shangqing; Hu, Qiang; Liu, Ye; Wang, Wenhan; Zhang, Cen; Nie, Liming; Li, Li; Liu, Yang; Jiang, Lingxiao",ACM Transactions on Software Engineering and Methodology,String A,EXCLUDE,"EC4: Title does not focus on mutation testing/mutants; mainly about test generation, fuzzing, code generation, defect prediction, or another SE topic.",,
91,"<span style=""font-variant:small-caps;"">CITYWALK</span> : Enhancing LLM-Based C++ Unit Test Generation via Project-Dependency Awareness and Language-Specific Knowledge","Zhang, Yuwei; Lu, Qingyuan; Liu, Kai; Dou, Wensheng; Zhu, Jiaxin; Qian, Li; Zhang, Chunxi; Lin, Zheng; Wei, Jun",ACM Transactions on Software Engineering and Methodology,String A,EXCLUDE,"EC4: Title does not focus on mutation testing/mutants; mainly about test generation, fuzzing, code generation, defect prediction, or another SE topic.",,
92,A Survey of Code Review Benchmarks and Evaluation Practices in Pre-LLM and LLM Era,"Khan, Taufiqul Islam; Wang, Shaowei; Zhang, Haoxiang; Chen, Tse-Hsun",,String A,EXCLUDE,"EC4: Title does not focus on mutation testing/mutants; mainly about test generation, fuzzing, code generation, defect prediction, or another SE topic.",,
93,"Conformance, Cost, and Replication in Constrained LLM Coding Agents","Rocchi, Alessio",Available at SSRN 6751519,String A,EXCLUDE,"EC4: Title does not focus on mutation testing/mutants; mainly about test generation, fuzzing, code generation, defect prediction, or another SE topic.",,
94,SpecSyn: LLM-based Synthesis and Refinement of Formal Specifications for Real-world Program Verification,"Ma, Lezhi; Liu, Shangqing; Li, Yi; Wu, Qiong; Wang, Han; Bu, Lei",,String A,EXCLUDE,"EC4: Title does not focus on mutation testing/mutants; mainly about test generation, fuzzing, code generation, defect prediction, or another SE topic.",,
95,Synthesizing File-Level Data for Unit Test Generation with Chain-of-Thoughts via Self-Debugging,"Hua, Ziyue; Chen, Tianyu; Gong, Yeyun; Lu, Shuai; Cheng, Peng; Zhu, Qinglin; He, Yibo; Fu, Yingjie; Jiao, Wenpin; Yang, Wei; Xie, Tao",,String A,EXCLUDE,"EC4: Title does not focus on mutation testing/mutants; mainly about test generation, fuzzing, code generation, defect prediction, or another SE topic.",,
96,VeriAct: Beyond Verifiability -- Agentic Synthesis of Correct and Complete Formal Specifications,"Misu, Md Rakib Hossain; Ma, Iris; Lopes, Cristina V.",,String A,EXCLUDE,"EC4: Title does not focus on mutation testing/mutants; mainly about test generation, fuzzing, code generation, defect prediction, or another SE topic.",,
97,FlyCatcher: Neural Inference of Runtime Checkers from Tests,"Souza, Beatriz; Lou, Chang; Nath, Suman; Pradel, Michael",,String A,EXCLUDE,"EC4: Title does not focus on mutation testing/mutants; mainly about test generation, fuzzing, code generation, defect prediction, or another SE topic.",,
98,"Edit, But Verify: An Empirical Audit of Instructed Code-Editing Benchmarks","Ebrahimi, Amir M.; Rajbahadur, Gopi Krishnan",,String A,EXCLUDE,"EC4: Title does not focus on mutation testing/mutants; mainly about test generation, fuzzing, code generation, defect prediction, or another SE topic.",,
99,Delta Debugging for LLM-integrated Systems,"Zhu, Hao-Nan; Mansur, Muhammad Numair; Schäf, Martin; Chen, Zeya; Lepoint, Tancrède; Visser, Willem",,String A,EXCLUDE,"EC4: Title does not focus on mutation testing/mutants; mainly about test generation, fuzzing, code generation, defect prediction, or another SE topic.",,
100,"LLM-Based Unit Test Cases Generation for React, Vue, and Angular Components","Wimalagunasekara, Geenoth; Vasanthapriyan, Shanmuganathan",2026 6th International Conference on Advanced Research in Computing (ICARC),String A,EXCLUDE,"EC4: Title does not focus on mutation testing/mutants; mainly about test generation, fuzzing, code generation, defect prediction, or another SE topic.",,
101,Beyond Superficial Tests: Adversarial Refinement for Reliable Property-Based Testing,"Li, Xiao; Liu, Runlin; Zhang, Zhe; Gao, Xiang; Sun, Hailong",,String A,EXCLUDE,"EC4: Title does not focus on mutation testing/mutants; mainly about test generation, fuzzing, code generation, defect prediction, or another SE topic.",,
102,"SecureRAG-RTL: A Retrieval-Augmented, Multi-Agent, Zero-Shot LLM-Driven Framework for Hardware Vulnerability Detection","Hasan, Touseef; Airehenbuwa, Blessing; Pundir, Nitin; Sarkar, Souvika; Guin, Ujjwal",,String A,EXCLUDE,"EC4: Title does not focus on mutation testing/mutants; mainly about test generation, fuzzing, code generation, defect prediction, or another SE topic.",,
103,LLM-Based Exploratory Testing Charter Generation: A Framework and Empirical Evaluation,"Surti, Arbaz",,String A,EXCLUDE,"EC4: Title does not focus on mutation testing/mutants; mainly about test generation, fuzzing, code generation, defect prediction, or another SE topic.",,
104,LLM-based Generation of Semantically Diverse and Realistic Domain Model Instances,"Coman, Andrei; Burgueño, Lola; Bork, Dominik; Wimmer, Manuel",,String A,EXCLUDE,"EC4: Title does not focus on mutation testing/mutants; mainly about test generation, fuzzing, code generation, defect prediction, or another SE topic.",,
105,Just-in-Time Catching Test Generation at Meta,"Becker, Matthew; Chen, Yifei; Cochran, Nicholas; Ghasemi, Pouyan; Gulati, Abhishek; Harman, Mark; Haluza, Zachary; Honarkhah, Mehrdad; Robert, Herve; Liu, Jiacheng; Liu, Weini; Thummala, Sreeja; Yang, Xiaoning; Xin, Rui; Zeng, Sophie",,String A,EXCLUDE,"EC4: Title does not focus on mutation testing/mutants; mainly about test generation, fuzzing, code generation, defect prediction, or another SE topic.",,
106,The new compiler stack: a survey on the synergy of LLMs and compilers,"Zhang, Shuoming; Zhao, Jiacheng; Yu, Qiuchu; Xia, Chunwei; Wang, Zheng; Feng, Xiaobing; Cui, Huimin",CCF Transactions on High Performance Computing,String A,EXCLUDE,"EC4: Title does not focus on mutation testing/mutants; mainly about test generation, fuzzing, code generation, defect prediction, or another SE topic.",,
107,Test flimsiness: Characterizing flakiness induced by mutation to the code under test,"Parry, Owain; Kapfhammer, Gregory M.; Hilton, Michael; McMinn, Phil",Proceedings of,String A,EXCLUDE,EC4: Not sufficiently related to mutation testing and AI-guided mutant selection based on title.,,
108,Fixturize: Bridging the Fixture Gap in Test Generation,"Wang, Chengyi; Xue, Pengyu; Yang, Zhen; Luo, Xiapu; Zhang, Yuxuan; Lyu, Xiran; Pei, Yifei; Jia, Zonghan; Sun, Yichen; Wu, Linhao; Zheng, Kunwu",,String A,EXCLUDE,"EC4: Title does not focus on mutation testing/mutants; mainly about test generation, fuzzing, code generation, defect prediction, or another SE topic.",,
109,Containment Verification: AI Safety Guarantees Independent of Alignment,"Moon, Royce; Varshney, Lav R.",,String A,EXCLUDE,"EC4: Title does not focus on mutation testing/mutants; mainly about test generation, fuzzing, code generation, defect prediction, or another SE topic.",,
110,SMATA: A Structured Mobile Application Testing Architecture Adapting Hardware Verification Principles for Mobile Testing Standardization,"Elsayed, Saher",IEEE Access,String A,EXCLUDE,"EC4: Title does not focus on mutation testing/mutants; mainly about test generation, fuzzing, code generation, defect prediction, or another SE topic.",,
111,MR-Coupler: Automated Metamorphic Test Generation via Functional Coupling Analysis,"Xu, Congying; Zhu, Hengcheng; Chen, Songqiang; Wu, Jiarong; Terragni, Valerio; Cheung, Shing-Chi",,String A,EXCLUDE,"EC4: Title does not focus on mutation testing/mutants; mainly about test generation, fuzzing, code generation, defect prediction, or another SE topic.",,
112,LLM-Assisted Input-Requirement-Aware Differential Testing of Array Programming Frameworks,"ZHOU, ZHICHAO; HE, JINGZHU",,String A,EXCLUDE,"EC4: Title does not focus on mutation testing/mutants; mainly about test generation, fuzzing, code generation, defect prediction, or another SE topic.",,
113,SWE-ABS: Adversarial Benchmark Strengthening Exposes Inflated Success Rates on Test-based Benchmark,"Yu, Boxi; Cao, Yang; Zhang, Yuzhong; Lin, Liting; Xu, Junjielong; Zhong, Zhiqing; Xu, Qinghua; Wang, Guancheng; Cao, Jialun; Cheung, Shing-Chi; He, Pinjia; Briand, Lionel",,String A,EXCLUDE,"EC4: Title does not focus on mutation testing/mutants; mainly about test generation, fuzzing, code generation, defect prediction, or another SE topic.",,
114,Foundation Models as Oracles for Refactoring Correctness Detection,"Gheyi, Rohit; Melo, Rian; Oliveira, Jonhnanthan; Ribeiro, Marcio; Fonseca, Baldoino",,String A,EXCLUDE,"EC4: Title does not focus on mutation testing/mutants; mainly about test generation, fuzzing, code generation, defect prediction, or another SE topic.",,
115,Automated Unit Test Generation via Chain-of-Thought Prompt and Reinforcement Learning from Coverage Feedback,"Zhang, Junwei; Hu, Xing; Xia, Xin; Cheung, Shing-Chi; Li, Shanping",ACM Transactions on Software Engineering and Methodology,String A,EXCLUDE,"EC4: Title does not focus on mutation testing/mutants; mainly about test generation, fuzzing, code generation, defect prediction, or another SE topic.",,
116,Survey on Learning-based Dynamic Fault Localization: From Traditional Machine Learning to Large Language Models,"Liu, Chunyan; Lei, Yan; Xie, Huan; Wang, Jinping; Yu, Yue; Lo, David",ACM Computing Surveys,String A,EXCLUDE,"EC4: Title does not focus on mutation testing/mutants; mainly about test generation, fuzzing, code generation, defect prediction, or another SE topic.",,
117,AI-Driven Methods for RTL Debugging: Localization and Auto-Corrections of RTL Bugs “Towards Smart Debugging”,"Mohammed, Khaled",The Art of RTL Debugging,String A,EXCLUDE,"EC4: Title does not focus on mutation testing/mutants; mainly about test generation, fuzzing, code generation, defect prediction, or another SE topic.",,
118,Artisan: Agentic Artifact Evaluation,"Baek, Doehyun; Pradel, Michael",,String A,EXCLUDE,"EC4: Title does not focus on mutation testing/mutants; mainly about test generation, fuzzing, code generation, defect prediction, or another SE topic.",,
119,Iter-T: ITERative Test suite generation for automated program repair,"Godio, Ariel; Brida, Simón Gutiérrez; Regis, Germán; Bagheri, Hamid; Nguyen, ThanhVu; Aguirre, Nazareno; Frias, Marcelo F.",IEEE Transactions on Software Engineering,String A,EXCLUDE,"EC4: Title does not focus on mutation testing/mutants; mainly about test generation, fuzzing, code generation, defect prediction, or another SE topic.",,
120,TestDecision: Sequential Test Suite Generation via Greedy Optimization and Reinforcement Learning,"Wang, Guoqing; Yang, Chengran; Zhou, Xiaoxuan; Sun, Zeyu; Wang, Bo; Lo, David; Hao, Dan",,String A,EXCLUDE,"EC4: Title does not focus on mutation testing/mutants; mainly about test generation, fuzzing, code generation, defect prediction, or another SE topic.",,
121,Test automation with Selenium: A survey,"García Gutiérrez, Boni; Ricca, Filippo; Leotta, Maurizio; Muñoz Organero, Mario",,String A,EXCLUDE,"EC4: Title does not focus on mutation testing/mutants; mainly about test generation, fuzzing, code generation, defect prediction, or another SE topic.",,
122,Automated Inline-Test Generation without Relying on Method-Level Unit Tests,"Jiang, Pengyue; Liu, Yu; Guo, Anna; Gligoric, Milos; Legunsen, Owolabi",,String A,EXCLUDE,"EC4: Title does not focus on mutation testing/mutants; mainly about test generation, fuzzing, code generation, defect prediction, or another SE topic.",,
123,A survey on test case generation based on prompt engineering and large language models,"Cui, Hanjing; Zhao, Man; Li, Dongcheng",International Conference on AI-Generated Content (AIGC 2025),String A,EXCLUDE,"EC4: Title does not focus on mutation testing/mutants; mainly about test generation, fuzzing, code generation, defect prediction, or another SE topic.",,
124,Real-World Fault Detection for C-Extended Python Projects with Automated Unit Test Generation,"Berg, Lucas; Krodinger, Lukas; Lukasczyk, Stephan; Panichella, Annibale; Fraser, Gordon; Vanhoof, Wim; Devroey, Xavier",,String A,EXCLUDE,"EC4: Title does not focus on mutation testing/mutants; mainly about test generation, fuzzing, code generation, defect prediction, or another SE topic.",,
125,Can Adjusting Hyperparameters Lead to Green Deep Learning: An Empirical Study on Correlations between Hyperparameters and Energy Consumption of Deep Learning Models,"Wang, Taoran; Li, Yanhui; Ma, Mingliang; Chen, Lin; Zhou, Yuming",,String A,EXCLUDE,"EC4: Title does not focus on mutation testing/mutants; mainly about test generation, fuzzing, code generation, defect prediction, or another SE topic.",,
126,From Laboratory to Real-World Applications: Benchmarking Agentic Code Reasoning at the Repository Level,"Li, Jia; Su, Yuxin; Lyu, Michael R.",,String A,EXCLUDE,"EC4: Title does not focus on mutation testing/mutants; mainly about test generation, fuzzing, code generation, defect prediction, or another SE topic.",,
127,Fuzzing REST APIs in Industry: Necessary Features and Open Problems,"Arcuri, Andrea; Poth, Alexander; Rrjolli, Olsi; Garrett, Philip; Galeotti, Juan P.",,String A,EXCLUDE,"EC4: Title does not focus on mutation testing/mutants; mainly about test generation, fuzzing, code generation, defect prediction, or another SE topic.",,
128,Performance of test cases for machine learning classifier: coverage perspective,"Ashraf, Sadia; Imtiaz, Salma; Khan, Asmat Ullah; Kulhanek, Rastislav",Journal of Intelligent Systems,String A,EXCLUDE,"EC4: Title does not focus on mutation testing/mutants; mainly about test generation, fuzzing, code generation, defect prediction, or another SE topic.",,
129,Fault Localization from the Semantic Code Search Perspective,"Qin, Yihao; Wang, Shangwen; Lei, Yan; Zhang, Zhuo; Lin, Bo; Peng, Xin; Ma, Jun; Chen, Liqian; Mao, Xiaoguang",ACM Transactions on Software Engineering and Methodology,String A,EXCLUDE,"EC4: Title does not focus on mutation testing/mutants; mainly about test generation, fuzzing, code generation, defect prediction, or another SE topic.",,
130,Challenges of deploying code embeddings: an industrial case study on method name generation,"Fein, Benedikt; Jungwirth, Maximilian; Fraser, Gordon; Kandlinger, Florian",Automated Software Engineering,String A,EXCLUDE,"EC4: Title does not focus on mutation testing/mutants; mainly about test generation, fuzzing, code generation, defect prediction, or another SE topic.",,
131,ExVerus: Verus Proof Repair via Counterexample Reasoning,"Yang, Jun; Sun, Yuechun; Wu, Yi; Caridad, Rodrigo; Yuan, Yongwei; Yao, Jianan; Lu, Shan; Pei, Kexin",,String A,EXCLUDE,"EC4: Title does not focus on mutation testing/mutants; mainly about test generation, fuzzing, code generation, defect prediction, or another SE topic.",,
132,METHOD FOR AUTOMATIC TEST SUITE REDUCTION WITHOUT LOSS OF DETECTED DEFECTS,"Komleva, O. O.",ВЧЕНІ ЗАПИСКИ,String A,EXCLUDE,"EC4: Title does not focus on mutation testing/mutants; mainly about test generation, fuzzing, code generation, defect prediction, or another SE topic.",,
133,WebMAC: A Multi-Agent Collaborative Framework for Scenario Testing of Web Systems,"Wan, Zhenyu; Chen, Gong; Huang, Qing; Xie, Xiaoyuan",,String A,EXCLUDE,"EC4: Title does not focus on mutation testing/mutants; mainly about test generation, fuzzing, code generation, defect prediction, or another SE topic.",,
134,VeriContest: A Competitive-Programming Benchmark for Verifiable Code Generation,"Xie, Zichen; Pawagi, Mrigank; Liu, Yuxin; Rai, Aaditi; Shao, Lize; Berberian, John; Che, Sicong; Wang, Wenxi",,String A,EXCLUDE,"EC4: Title does not focus on mutation testing/mutants; mainly about test generation, fuzzing, code generation, defect prediction, or another SE topic.",,
135,NOETHER: A Constructive Framework for Metamorphic Pattern Discovery from Operator Algebras,"Li, Meng; Yang, Xiaohua; Liu, Jie; Yan, Shiyu",,String A,EXCLUDE,"EC4: Title does not focus on mutation testing/mutants; mainly about test generation, fuzzing, code generation, defect prediction, or another SE topic.",,
136,"AI-Powered Vulnerability Detection and Patch Management in Cybersecurity: A Systematic Review of Techniques, Challenges, and Emerging Trends","Malkawi, Malek; Alhajj, Reda",Machine Learning and Knowledge Extraction,String A,EXCLUDE,"EC4: Title does not focus on mutation testing/mutants; mainly about test generation, fuzzing, code generation, defect prediction, or another SE topic.",,
137,Comparative Evaluation of End-to-End Automated Testing Tools for Web Applications: Cypress vs. Playwright,"Amarif, Mabroukah; Imhmed, Hisham; Awidat, Fatma; Ahwidy, Mansour; Ahmed, Khamiss",2026 IEEE 5th International Maghreb Meeting of the Conference on Sciences and Techniques of Automatic Control and Computer Engineering (MI-STA),String A,EXCLUDE,"EC4: Title does not focus on mutation testing/mutants; mainly about test generation, fuzzing, code generation, defect prediction, or another SE topic.",,
138,Debugging Performance Issues in WebAssembly Runtimes via Mutation-based Inference,"Zeng, Ruiying; Jiang, Shuyao; Zhao, Wenxuan; Zhou, Yangfan",,String A,EXCLUDE,EC4: Not sufficiently related to mutation testing and AI-guided mutant selection based on title.,,
139,Mechanistic Interpretability and Automated Formal Verificationfor Robustness in Multimodal LLMs. for Robustness in Multimodal LLMs.,"Ranade, Kaushik Tushar",,String A,EXCLUDE,"EC4: Title does not focus on mutation testing/mutants; mainly about test generation, fuzzing, code generation, defect prediction, or another SE topic.",,
140,REVIEW OF TOOLS AND TECHNIQUES SHNYAR ABDULSALAM^1,"SHAMSALDIN, AHMED S.; RASHID, TARIK A.",The Societal Benefits of AI Interventions and Intelligent Technology,String A,EXCLUDE,"EC4: Title does not focus on mutation testing/mutants; mainly about test generation, fuzzing, code generation, defect prediction, or another SE topic.",,
141,Narrowing the Complexity Gap in the Evaluation of Large Language Models,"Chen, Yang; Liu, Shuyang; Jabbarvand, Reyhaneh",,String A,EXCLUDE,"EC4: Title does not focus on mutation testing/mutants; mainly about test generation, fuzzing, code generation, defect prediction, or another SE topic.",,
142,Enhancing Test-Driven Development with Semi-Automated Test Case Generation Using Input Space Partitioning,"Yeganeh, Mohsen Shojaei; Mirian-Hosseinabadi, Seyed-Hassan",2026 12th International Conference on Web Research (ICWR),String A,EXCLUDE,"EC4: Title does not focus on mutation testing/mutants; mainly about test generation, fuzzing, code generation, defect prediction, or another SE topic.",,
143,"Talk is Cheap, Logic is Hard: Benchmarking LLMs on Post-Condition Formalization","Prasetya, I. S. W. B.; Kifetew, Fitsum; Prandi, Davide",,String A,EXCLUDE,"EC4: Title does not focus on mutation testing/mutants; mainly about test generation, fuzzing, code generation, defect prediction, or another SE topic.",,
144,TypeNFuzz: Dynamic Type-aware Object Dependence Graph-Guided Fuzzing for JavaScript Library Bug Discovery,"Zeng, Yishun; Wu, Yue; Zhang, Chao",ACM Transactions on Software Engineering and Methodology,String A,EXCLUDE,"EC4: Title does not focus on mutation testing/mutants; mainly about test generation, fuzzing, code generation, defect prediction, or another SE topic.",,
145,SWE Atlas: Benchmarking Coding Agents Beyond Issue Resolution,"Raghavendra, Mohit; Dan, Soham; Calvo, Miguel Romero; He, Yannis Yiming; Mols, Johannes Baptist; Anand, Gautam; McCollum, Cole; Arakelyan, Edgar; Bharadwaj, Vijay; Park, Andrew; Da, Jeff; Rezaei, MohammadHossein; Liu, Bing; Kenstler, Brad; He, Yunzhong",,String A,EXCLUDE,"EC4: Title does not focus on mutation testing/mutants; mainly about test generation, fuzzing, code generation, defect prediction, or another SE topic.",,
146,Advancing Language Models for Code-related Tasks,"Tian, Zhao",,String A,EXCLUDE,"EC4: Title does not focus on mutation testing/mutants; mainly about test generation, fuzzing, code generation, defect prediction, or another SE topic.",,
147,When Help Hurts: Verification Load and Fatigue with AI Coding Assistants,"Fan, Guangrui; Liu, Dandan; Pan, Lihu; Zhang, Rui",Proceedings of the 2026 CHI Conference on Human Factors in Computing Systems,String A,EXCLUDE,"EC4: Title does not focus on mutation testing/mutants; mainly about test generation, fuzzing, code generation, defect prediction, or another SE topic.",,
148,CurricuForge: A Unified Framework for Progressive Code Generation Through Curriculum-Guided Multi-Agent Collaboration With Symbolic Verification,"Wang, Zhuojin",IEEE Access,String A,EXCLUDE,"EC4: Title does not focus on mutation testing/mutants; mainly about test generation, fuzzing, code generation, defect prediction, or another SE topic.",,
149,Boosting Metamorphic Testing: A General Metamorphic Specification Language and A Supporting System,"Sun, Chang-ai; Wu, Siyi; Zhang, XiaoYi; Poon, Pak-Lok",ACM Transactions on Software Engineering and Methodology,String A,EXCLUDE,"EC4: Title does not focus on mutation testing/mutants; mainly about test generation, fuzzing, code generation, defect prediction, or another SE topic.",,
150,The Role of Algorithms in Advancing Software Engineering: A Comprehensive Study,"Wariyal, Suresh Chandra; Pandey, Nitin; Negi, Deepak; Khare, Ashish B.",DMPedia Lecture Notes in Multidisciplinary Research,String A,EXCLUDE,"EC4: Title does not focus on mutation testing/mutants; mainly about test generation, fuzzing, code generation, defect prediction, or another SE topic.",,
151,A Roadmap for Modern Code Review: Challenges and Opportunities,"Yang, Zezhou; Gao, Cuiyun; Guo, Zhaoqiang; Li, Zhenhao; Liu, Kui; Xia, Xin; Zhou, Yuming",ACM Transactions on Software Engineering and Methodology,String A,EXCLUDE,"EC4: Title does not focus on mutation testing/mutants; mainly about test generation, fuzzing, code generation, defect prediction, or another SE topic.",,
152,FROM BENCHMARK SCORES TO DEPLOYMENT READINESS: A JOURNAL-SCALE EVALUATION FRAMEWORK FOR AUTONOMOUS SOFTWARE DEVELOPMENT AGENTS,"Samal, Partha Sarathi; Palus, Suresh Kumar; Padmam, Sai Kiran",,String A,EXCLUDE,"EC4: Title does not focus on mutation testing/mutants; mainly about test generation, fuzzing, code generation, defect prediction, or another SE topic.",,
153,ZeroCoder: Can LLMs Improve Code Generation Without Ground-Truth Supervision?,"Fan, Lishui; Chen, Mouxiang; Zhu, Tingwei; Liu, Kui; Xia, Xin; Li, Shanping; Liu, Zhongxin",,String A,EXCLUDE,"EC4: Title does not focus on mutation testing/mutants; mainly about test generation, fuzzing, code generation, defect prediction, or another SE topic.",,
154,An empirical analysis of vulnerability detection tools for solidity smart contracts,"Salzano, Francesco; Antenucci, Cosmo Kevin; Scalabrino, Simone; Rosa, Giovanni; Oliveto, Rocco; Pareschi, Remo",Empirical Software Engineering,String A,EXCLUDE,"EC4: Title does not focus on mutation testing/mutants; mainly about test generation, fuzzing, code generation, defect prediction, or another SE topic.",,
155,Software Vulnerability Detection Using a Lightweight Graph Neural Network,"Farmer, Miles; Ufuktepe, Ekincan; Watson, Anne; Carvalho, Hialo Muniz; Okun, Vadim; Maasaoui, Zineb; Palaniappan, Kannappan",,String A,EXCLUDE,"EC4: Title does not focus on mutation testing/mutants; mainly about test generation, fuzzing, code generation, defect prediction, or another SE topic.",,
156,CCIHunter: Enhancing Smart Contract Code–Comment Inconsistencies Detection via Two-Stage Pre-Training,"Li, Ziwei; Wu, Jiajing; Wu, Zhiying; Tan, Dongcheng; Zou, Weipeng; Jiang, Zigui; Zhen, Yi; Zhang, Zheng; Zheng, Zibin",ACM Transactions on Software Engineering and Methodology,String A,EXCLUDE,"EC4: Title does not focus on mutation testing/mutants; mainly about test generation, fuzzing, code generation, defect prediction, or another SE topic.",,
157,Assessing Task-based Chatbots: Snapshot and Curated Datasets for Dialogflow,"Masserini, Elena; Clerissi, Diego; Micucci, Daniela; Mariani, Leonardo",,String A,EXCLUDE,"EC4: Title does not focus on mutation testing/mutants; mainly about test generation, fuzzing, code generation, defect prediction, or another SE topic.",,
158,When Specifications Meet Reality: Uncovering API Inconsistencies in Ethereum Infrastructure,"Ma, Jie; He, Ningyu; Xi, Jinwen; Xing, Mingzhe; Liu, Liangxin; Luo, Jiushenzi; Fu, Xiaopeng; Wu, Chiachih; Wang, Haoyu; Gao, Ying; Yue, Yinliang",Proceedings of the ACM on Programming Languages,String A,EXCLUDE,"EC4: Title does not focus on mutation testing/mutants; mainly about test generation, fuzzing, code generation, defect prediction, or another SE topic.",,
159,Eywa: Automating {Model-Based} Testing using {LLMs},"Mondal, Rajdeep; Singha, Rathin; Millstein, Todd; Varghese, George; Beckett, Ryan; Kakarla, Siva Kesava Reddy",23rd USENIX Symposium on Networked Systems Design and Implementation (NSDI 26),String A,EXCLUDE,"EC4: Title does not focus on mutation testing/mutants; mainly about test generation, fuzzing, code generation, defect prediction, or another SE topic.",,
160,A Machine Learning Approach to Enhanced Software Quality Through the Automated Creation of Unit Tests,"Nelson, Morgan S.",,String A,EXCLUDE,"EC4: Title does not focus on mutation testing/mutants; mainly about test generation, fuzzing, code generation, defect prediction, or another SE topic.",,
161,ICLScan: Detecting backdoors in black-box large language models via targeted in-context illumination,"Pang, Xiaoyi; Hao, Xuanyi; Guo, Song; Luo, Qi; Wang, Zhibo",Advances in Neural Information Processing Systems,String A,EXCLUDE,"EC4: Title does not focus on mutation testing/mutants; mainly about test generation, fuzzing, code generation, defect prediction, or another SE topic.",,
162,Baseline Capture and Drift Index: A Framework for Validating AI-Assisted Changes in Existing Web Systems,"Muratovic, Ajdin; Tanovic, Anel",2026 25th International Symposium INFOTEH-JAHORINA (INFOTEH),String A,EXCLUDE,"EC4: Title does not focus on mutation testing/mutants; mainly about test generation, fuzzing, code generation, defect prediction, or another SE topic.",,
163,A Survey of Domain-specific Fine-tuned Large Language Models,"Sarzaeim, Paria; Azim, Akramul; Bauer, Gary; Makrehchi, Masoud",IEEE Access,String A,EXCLUDE,"EC4: Title does not focus on mutation testing/mutants; mainly about test generation, fuzzing, code generation, defect prediction, or another SE topic.",,
164,"Adaptive and Explainable Test Case Prioritization in Continuous Integration: A Systematic Review of Reinforcement Learning, Learning-to-Rank, and Search-/Combinatorial-Based Methods","Kongarana, Srinivasa Rao; Rao, A. Ananda; Raju, P. Radhika",IEEE Access,String A,EXCLUDE,"EC4: Title does not focus on mutation testing/mutants; mainly about test generation, fuzzing, code generation, defect prediction, or another SE topic.",,
165,Unleashing the Potential of Coverage Representation in Deep Learning-Based Fault Localization,"Wang, Jinping; Lei, Yan; Xie, Huan; Liu, Chunyan",IEEE Transactions on Software Engineering,String A,EXCLUDE,"EC4: Title does not focus on mutation testing/mutants; mainly about test generation, fuzzing, code generation, defect prediction, or another SE topic.",,
166,Property-Based Testing and Delta Debugging for Quantum Programs,"Pontolillo, Gabriel Joseph",,String A,EXCLUDE,"EC4: Title does not focus on mutation testing/mutants; mainly about test generation, fuzzing, code generation, defect prediction, or another SE topic.",,
167,"A Comprehensive Survey on Database Management System Fuzzing: Techniques, Taxonomy and Evaluation","Gao, Xiyue; Liu, Zhuang; Cui, Jiangtao; Li, Hui; Zhang, Hui; Wei, Kewei; Zhao, Kankan",ACM Computing Surveys,String A,EXCLUDE,"EC4: Title does not focus on mutation testing/mutants; mainly about test generation, fuzzing, code generation, defect prediction, or another SE topic.",,
168,Triggering and Detecting Exploitable Library Vulnerability from the Client by Directed Greybox Fuzzing,"Zhao, Yukai; Wu, Menghan; Hu, Xing; Wang, Shaohua; Luo, Meng; Xia, Xin",,String A,EXCLUDE,"EC4: Title does not focus on mutation testing/mutants; mainly about test generation, fuzzing, code generation, defect prediction, or another SE topic.",,
169,CorrEvator: Evaluating Patch Correctness in Automated Program Repair from Online Community Discussions,"Wang, Yuyang; Guo, Shikai; Tao, Zijian; Li, Hui; Tan, Jiaxi; Hao, Liying; Zhu, Fa; Chen, Xingchi; Youssef, Moustafa",IEEE Transactions on Consumer Electronics,String A,EXCLUDE,"EC4: Title does not focus on mutation testing/mutants; mainly about test generation, fuzzing, code generation, defect prediction, or another SE topic.",,
170,Evaluating Modern Software Design Trends for Efficient and Maintainable Application Development,"Pokhrel, Ashish",2026 IEEE 5th International Conference on AI in Cybersecurity (ICAIC),String A,EXCLUDE,"EC4: Title does not focus on mutation testing/mutants; mainly about test generation, fuzzing, code generation, defect prediction, or another SE topic.",,
171,Metamorphic Testing for Infrastructure-as-Code Engines,"Spielmann, David; Zakhour, George; Arnold, Dominik; Biagiola, Matteo; Meier, Roland; Salvaneschi, Guido",Proceedings of the ACM on Programming Languages,String A,EXCLUDE,"EC4: Title does not focus on mutation testing/mutants; mainly about test generation, fuzzing, code generation, defect prediction, or another SE topic.",,
172,On the Evolution of Python Test Cases into Property-based Tests,"Wauters, Cindy; Opdebeeck, Ruben; De Roover, Coen","Proceedings of the 19th IEEE International Conference on Software Testing, Verification and Validation (ICST) 2026",String A,EXCLUDE,"EC4: Title does not focus on mutation testing/mutants; mainly about test generation, fuzzing, code generation, defect prediction, or another SE topic.",,
173,Analyzing Message-Code Inconsistency in AI Coding Agent-Authored Pull Requests,"Gong, Jingzhi; Pinna, Giovanni; Bian, Yixin; Zhang, Jie M.",,String A,EXCLUDE,"EC4: Title does not focus on mutation testing/mutants; mainly about test generation, fuzzing, code generation, defect prediction, or another SE topic.",,
174,Comparing static analyses for improved semantic conflict detection,"Santos De Jesus, Galileu; Borba, Paulo; Bonifácio, Rodrigo; Barbosa De Oliveira, Matheus",Automated Software Engineering,String A,EXCLUDE,"EC4: Title does not focus on mutation testing/mutants; mainly about test generation, fuzzing, code generation, defect prediction, or another SE topic.",,
175,VAR Check: Quality Analysis of Reinforcement Learning Programs Using Voronoi Diagrams,"Rodriguez, Laura; Dusparic, Ivana; Cardozo, Nicolás",SN Computer Science,String A,EXCLUDE,"EC4: Title does not focus on mutation testing/mutants; mainly about test generation, fuzzing, code generation, defect prediction, or another SE topic.",,
176,GRANDSLAM: Linearly Scalable Model Synthesis,"Boll, Alexander",,String A,EXCLUDE,"EC4: Title does not focus on mutation testing/mutants; mainly about test generation, fuzzing, code generation, defect prediction, or another SE topic.",,
177,Generating Architecture-Agnostic Performance Tests from Functional Unit Tests,"Vega Rodriguez, Daniel; Omlin, Samuel; Pasadakis, Dimosthenis; Schenk, Olaf",ACM Transactions on Modeling and Performance Evaluation of Computing Systems,String A,EXCLUDE,"EC4: Title does not focus on mutation testing/mutants; mainly about test generation, fuzzing, code generation, defect prediction, or another SE topic.",,
178,ARQUITETURA DE SOFTWARE,"SENSU, LATO",,String A,EXCLUDE,"EC4: Title does not focus on mutation testing/mutants; mainly about test generation, fuzzing, code generation, defect prediction, or another SE topic.",,
179,Energy valley optimizer-based metaheuristic approach for solving software test case optimization problem,"Jaiswal, Updesh Kumar; Jain, Jaishree; Jain, Eshank; Saini, Harnit; Singh, Pancham",Iran Journal of Computer Science,String A,EXCLUDE,"EC4: Title does not focus on mutation testing/mutants; mainly about test generation, fuzzing, code generation, defect prediction, or another SE topic.",,
180,Automated Optimization of Bacterial Tracking Pipelines With TrackMate 8,"Anselmet, Marie; Xénard, Laura; Albert, Marvin; Arias‐Cartin, Rodrigo; Hicham, Samia; Pokorny, Laura; Paulet, Élodie; Petit, Julienne; Cutler, Kevin J.; Gallusser, Benjamin; Weigert, Martin; Wehenkel, Anne‐Marie; Manina, Giulia; Gomperts Boneca, Ivo; Barras, Frédéric; Bonazzi, Daria; Duménil, Guillaume; Tinevez, Jean‐Yves",Current Protocols,String A,EXCLUDE,"EC4: Title does not focus on mutation testing/mutants; mainly about test generation, fuzzing, code generation, defect prediction, or another SE topic.",,
181,Mitigating Metamorphic Malware Through Adversarial Learning Techniques,"Babaagba, Kehinde O.; Tan, Zhiyuan",Network,String A,EXCLUDE,"EC4: Title does not focus on mutation testing/mutants; mainly about test generation, fuzzing, code generation, defect prediction, or another SE topic.",,
182,Mitigating omitted variable bias in empirical software engineering,"Furia, Carlo A.; Torkar, Richard",Empirical Software Engineering,String A,EXCLUDE,"EC4: Title does not focus on mutation testing/mutants; mainly about test generation, fuzzing, code generation, defect prediction, or another SE topic.",,
183,Learning by Viewing: Generating Test Inputs for Games by Integrating Human Gameplay Traces in Neuroevolution,"Feldmeier, Patric; Fraser, Gordon",ACM Transactions on Evolutionary Learning and Optimization,String A,EXCLUDE,"EC4: Title does not focus on mutation testing/mutants; mainly about test generation, fuzzing, code generation, defect prediction, or another SE topic.",,
184,A formalization of Heisenbugs and their causes in terms of hyperproperties,"Sallinger, Sarah; Weissenbacher, Georg; Zuleger, Florian",Software and Systems Modeling,String A,EXCLUDE,"EC4: Title does not focus on mutation testing/mutants; mainly about test generation, fuzzing, code generation, defect prediction, or another SE topic.",,
185,Gamification of conceptual modeling education with UML class diagrams: an experimental analysis,"Garaccione, Giacomo; Coppola, Riccardo; Ardito, Luca; Torchiano, Marco",Software and Systems Modeling,String A,EXCLUDE,"EC4: Title does not focus on mutation testing/mutants; mainly about test generation, fuzzing, code generation, defect prediction, or another SE topic.",,
186,ІНФОРМАЦІЙНА ТЕХНОЛОГІЯ ФОРМУВАННЯ ТА ОЦІНЮВАННЯ ЯКОСТІ ПРОЦЕСУ ТЕСТУВАННЯ ПРОГРАМНОГО ЗАБЕЗПЕЧЕННЯ,"БІЛИК, ОЛЕКСІЙ ЗІНОВІЙОВИЧ",,String A,EXCLUDE,"EC4: Title does not focus on mutation testing/mutants; mainly about test generation, fuzzing, code generation, defect prediction, or another SE topic.",,
187,Cutting Edge Deep Learning Models for Brain Tumor Classification,"Özger, Faruk; Pacal, Ishak; Sökmen, Dilan",Gazi University Journal of Science,String A,EXCLUDE,"EC4: Title does not focus on mutation testing/mutants; mainly about test generation, fuzzing, code generation, defect prediction, or another SE topic.",,
188,"Why Should a Genome Be Protected? Ethical, Legal, and Security Challenges in the Protection of Genomic Data","Szalata, Marlena; Danielewski, Mikołaj; Wielgus, Karolina; Słomski, Ryszard",Biology,String A,EXCLUDE,"EC4: Title does not focus on mutation testing/mutants; mainly about test generation, fuzzing, code generation, defect prediction, or another SE topic.",,
189,Engineering the Digital World-The Brain Behind Technology Computing Demystified,"Venkatakrishnan, Jambhu Kumar",,String A,EXCLUDE,"EC4: Title does not focus on mutation testing/mutants; mainly about test generation, fuzzing, code generation, defect prediction, or another SE topic.",,
190,Сложности использования метрик для обработки естественного языка при оценке сгенерированного кода,"Федрушков, Д. В.; Ковальчук, С. В.; Алиев, А. А.","Научно-технический вестник информационных технологий, механики и оптики",String A,EXCLUDE,"EC4: Title does not focus on mutation testing/mutants; mainly about test generation, fuzzing, code generation, defect prediction, or another SE topic.",,
191,Оптимізація сценаріїв для автоматизованого тестування,"Бєглова, А. В.",Кваліфікаційні магістерські роботи,String A,EXCLUDE,"EC4: Title does not focus on mutation testing/mutants; mainly about test generation, fuzzing, code generation, defect prediction, or another SE topic.",,
192,Impact Of Practical Learning Input On College Students’ Academic Achievement Using A Regression Analysis Study,"Zhang, Min; Yin, Lina",Journal of Applied Science and Engineering,String B,EXCLUDE,"EC4: Title does not focus on mutation testing/mutants; mainly about test generation, fuzzing, code generation, defect prediction, or another SE topic.",,
193,Evaluating Static Mutant Selection Techniques for Accurate Mutation Score Approximation,"Ashong, Magdalene; Laurent, Thomas; Ventresque, Anthony","2025 25th International Conference on Software Quality, Reliability and Security (QRS)",String B,Unsure,"Related because it directly studies mutant selection and mutation-score approximation with quantitative results, but the abstract focuses on static selection techniques rather than AI/ML/LLM-guided selection.",EXCLUDE,"Excluded by IC4: The paper evaluates static mutant selection techniques for mutation score approximation, but it does not apply LLM/AI-guided ranking or selection. The intervention is not LLM-based and therefore does not match the RQ."
194,Exploring pseudo-testedness: Empirically evaluating extreme mutation testing at the statement level,"Maton, Megan; Kapfhammer, Gregory M.; McMinn, Phil",2024 IEEE International Conference on Software Maintenance and Evolution (ICSME),String B,EXCLUDE,"Excluded by IC4: the paper studies extreme mutation testing and statement deletion to detect pseudo-testedness, but does not apply AI/ML/LLM or intelligent optimization.",,
195,Using Active Learning to Train Predictive Mutation Testing with Minimal Data,"Borsi, Miklós",2025 40th IEEE/ACM International Conference on Automated Software Engineering (ASE),String B,INCLUDE,"Relevant: proposes active-learning-based predictive mutation testing to reduce training data and mutation testing cost, with empirical comparison against non-active-learning models.",INCLUDE,"Full text directly studies predictive mutation testing using active learning to reduce training data and mutation-testing cost, with empirical quantitative evaluation and comparison against random/other selection settings."
196,Spotting Code Mutation for Predictive Mutation Testing,"Zhao, Yifan; Chen, Yizhou; Sun, Zeyu; Liang, Qingyuan; Wang, Guoqing; Hao, Dan",Proceedings of the 39th IEEE/ACM International Conference on Automated Software Engineering,String B,INCLUDE,"Relevant: proposes SODA, a learning-based predictive mutation testing model that predicts mutation testing results by capturing mutant-test relationships, addressing mutation testing cost.",INCLUDE,"Full text proposes a predictive mutation testing approach to spot code mutations using learning-based models, evaluates on mutation-testing benchmarks, and reports quantitative mutation-score/cost outcomes."
197,IMPROVING THE EFFECTIVENESS OF METAMORPHIC TESTING USING SYSTEMATIC TEST CASE GENERATION,"Saha, Prashanta",,String B,EXCLUDE,"EC4: Title does not focus on mutation testing/mutants; mainly about test generation, fuzzing, code generation, defect prediction, or another SE topic.",,
198,Enhancing software quality assurance in ubiquitous learning environments through mutation testing and diverse test oracles,"Naeem, Muhammad Rashid; Khan, Muhammad Asghar; Khan, Mansoor; Alruwaili, Omar; Alrashdi, Ibrahim; Alanazi, Saad",Computers in Human Behavior,String B,EXCLUDE,"Excluded by EC2/insufficient abstract evidence: the record indicates PDF not found, so full-text accessibility and detailed eligibility cannot be confirmed.",,
199,Latent Mutants: A large-scale study on the Interplay between mutation testing and software evolution,"Sohn, Jeongju; Soremekun, Ezekiel; Papadakis, Michail",,String B,INCLUDE,"Relevant: applies a random forest classifier to predict latent mutants using mutation operators and change-related features, with large-scale empirical results.",EXCLUDE,"Excluded by IC4 / RQ mismatch: The paper studies latent mutants and the relationship between mutation testing and software evolution. It does not propose or evaluate LLM-based mutant selection/ranking, mutant prioritization, or effort reduction compared with random mutant selection."
200,Enriching mutation testing with innovative method invocation mutation: Filling the crucial missing piece of the puzzle,"Zhang, Peng; Lu, Zeyu; Wang, Yang; Yang, Yibiao; Zhou, Yuming; Papadakis, Mike",IEEE Transactions on Software Engineering,String B,Unsure,"Related because it compares with machine-learning-based mutators and reports quantitative mutant quality and speed results, but the proposed MIN approach itself is mainly rule/mapping-based rather than clearly AI/ML/LLM-guided.",EXCLUDE,"Excluded by IC4 / RQ mismatch: The paper proposes MIN, a rule-based method-invocation mutator for generating method-call mutants. Although it compares with learning-based mutators and reports quantitative mutation-testing results, the main intervention is not LLM-based mutant ranking/selection and it does not evaluate reduction of executed mutants against random selection."
201,Mutation testing optimisations using the Clang front‐end,"Vercammen, Sten; Demeyer, Serge; Borg, Markus; Pettersson, Niklas; Hedin, Görel","Software Testing, Verification and Reliability",String B,EXCLUDE,"Excluded by IC4: the paper optimizes mutation testing compilation/execution using the Clang front-end, but does not apply AI/ML/LLM or intelligent optimization.",,
202,Mutation-Guided LLM-based Test Generation at Meta,"Harman, Mark; Ritchey, Jillian; Harper, Inna; Sengupta, Shubho; Mao, Ke; Gulati, Abhishek; Foster, Christopher; Robert, Hervé",Proceedings of the 33rd ACM International Conference on the Foundations of Software Engineering,String B,INCLUDE,"Relevant: describes an industrial mutation-guided LLM-based test generation system with LLM-based equivalent mutant detection and quantitative results on generated mutants, tests and precision/recall.",INCLUDE,"Full text is a peer-reviewed ACM industry paper on mutation-guided LLM-based test generation at Meta. It uses mutation feedback in an LLM workflow and reports empirical results, making it relevant to LLM + mutation-testing outcomes."
203,LEAM++: Learning for Selective Mutation Fault Construction,"Tian, Zhao; Chen, Junjie; Wang, Dong; Zhu, Qihao; Fan, Xingyu; Zhang, Lingming",ACM Transactions on Software Engineering and Methodology,String B,INCLUDE,"Relevant: proposes LEAM++, a learning-based selective mutation fault construction approach that considers testing cost and evaluates effectiveness/efficiency on Defects4J.",INCLUDE,"Full text proposes LEAM++, a learning-based approach for selective mutation fault construction, published in ACM TOSEM, and evaluates high-quality mutant construction quantitatively. It directly matches AI/ML-guided mutation testing."
204,Intent-Based Mutation Testing: From Naturally Written Programming Intents to Mutants,"Hamidi, Asma; Khanfir, Ahmed; Papadakis, Mike","2025 IEEE International Conference on Software Testing, Verification and Validation Workshops (ICSTW)",String B,EXCLUDE,"Excluded by IC4: the paper proposes intent-based mutation testing from programming intents, but the abstract does not show AI/ML/LLM or intelligent optimization being applied.",,
205,Next-Gen Mutation Testing: Using AI and Fuzzing to Evolve Fault Injection for Modern Software,"Kathiresan, Gopinath",Available at SSRN 5241045,String B,EXCLUDE,"Excluded by EC2/insufficient abstract evidence: the record indicates PDF not found, so the abstract/full text cannot be assessed for eligibility.",,
206,Test data generation for mutation testing based on Markov chain usage model and estimation of distribution algorithm,"Wei, Changqing; Yao, Xiangjuan; Gong, Dunwei; Liu, Huai",IEEE Transactions on Software Engineering,String B,EXCLUDE,"Excluded by EC2/insufficient abstract evidence: the record indicates PDF not found, so the abstract/full text cannot be assessed for eligibility.",,
207,SAM–Symultanic Automated Mutation System for Software Development,"Roman, Adam; Mnich, Michal",Available at SSRN 5414105,String B,EXCLUDE,EC4: Not sufficiently related to mutation testing and AI-guided mutant selection based on title.,,
208,Mutation analysis for evaluating code translation,"Guizzo, Giovani; Zhang, Jie M.; Sarro, Federica; Treude, Christoph; Harman, Mark",Empirical Software Engineering,String B,EXCLUDE,EC4: Mutation is used in a different context and the title does not indicate AI-guided mutant selection/ranking for Java projects.,,
209,Mutation Testing Reinvented: How Artificial Intelligence Complements Classic Methods,"Uzunbayir, Serhat; Kurtel, Kaan",2024 9th International Conference on Computer Science and Engineering (UBMK),String B,EXCLUDE,Excluded by IC5: the abstract appears to be a conceptual/review discussion of AI and mutation testing and does not present a clear empirical evaluation with quantitative results.,,
210,Parallel mutation testing for large scale systems,"Cañizares, Pablo C.; Núñez, Alberto; Filgueira, Rosa; De Lara, Juan",Cluster Computing,String B,EXCLUDE,"Excluded by IC4: the paper improves mutation testing performance through parallelization/load distribution, but does not apply AI/ML/LLM or intelligent optimization.",,
211,Mutation-based Consistency Testing for Evaluating the Code Understanding Capability of LLMs,"Li, Ziyu; Shin, Donghwan",Proceedings of the IEEE/ACM 3rd International Conference on AI Engineering - Software Engineering for AI,String B,EXCLUDE,"Excluded by EC4/IC4: the paper uses code mutations to evaluate LLM code understanding, but its main focus is LLM evaluation rather than mutation testing of software test suites or AI-guided mutation testing.",,
212,ReSuMo: a regression strategy and tool for mutation testing of solidity smart contracts,"Barboni, Morena; Morichetta, Andrea; Polini, Andrea; Casoni, Francesco",Software Quality Journal,String B,EXCLUDE,EC4: Mutation is used in a different context and the title does not indicate AI-guided mutant selection/ranking for Java projects.,,
213,Faster mutation testing through simultaneous mutation testing,"de Roos, Mart; Rensink, A.; van Hees, R.",,String B,EXCLUDE,"Excluded by IC4: the paper studies simultaneous/grouped mutation testing for performance, but does not apply AI/ML/LLM or intelligent optimization.",,
214,An Adaptive Mutation-Aware Test Case Ordering Framework Using Deep Learning and Quantum-Behaved Multi-Objective PSO.,"Sowmyadevi, S.; Alphy, Anna",Journal of Intelligent Systems & Internet of Things,String B,INCLUDE,"Relevant: applies deep learning and quantum-behaved multi-objective PSO in a mutation-aware test case ordering framework, with quantitative results on APFD, mutation scores and execution efficiency.",EXCLUDE,"Excluded by IC4 / intervention mismatch: The paper focuses on mutation-aware test case ordering using deep learning and QPSO. It uses mutation information for test prioritization, but does not study LLM-based mutant ranking/selection or mutant reduction for mutation testing."
215,WITNESS: A lightweight and practical approach to fine-grained predictive mutation testing,"Lu, Zeyu; Zhang, Peng; Chong, Chun Yong; Gao, Shan; Yang, Yibiao; Li, Yanhui; Chen, Lin; Zhou, Yuming",,String B,INCLUDE,"Relevant: proposes WITNESS, a machine-learning-based fine-grained predictive mutation testing approach for mutant-test kill prediction and efficiency improvement, evaluated on Defects4J.",INCLUDE,"Full text directly proposes WITNESS, a fine-grained predictive mutation testing approach for predicting individual test-mutant outcomes, evaluated on Defects4J/Java projects with quantitative cost and effectiveness results."
216,CAMUS: Context-Aware Neural Mutation Selection,"Chen, Mingda; Wang, Bo; Lin, Youfang; Zhang, Jie M.",2025 32nd Asia-Pacific Software Engineering Conference (APSEC),String B,EXCLUDE,"Excluded by EC2/insufficient abstract evidence: the record indicates PDF not found, so eligibility cannot be confirmed despite the title being potentially relevant.",,
217,Mutants and Test Cases Reduction Strategy for Fault Localization via Graph Representation,"Li, Zheng; Yang, Binbin; Deng, Yue; Wu, Shumei; Liu, Yong","2025 25th International Conference on Software Quality, Reliability, and Security Companion (QRS-C)",String B,EXCLUDE,"Excluded by EC2/insufficient abstract evidence: the record indicates PDF not found, so eligibility cannot be confirmed.",,
218,On Accelerating Deep Neural Network Mutation Analysis,"Lyons, Lauren",,String B,EXCLUDE,"EC4: Mutation analysis is for deep neural networks, not Java software mutation testing targeted by the RQ.",,
219,An Evolutionary Algorithm and a Clustering Technique to Select,"Benito-Parejo, Miguel; Méndez, Manuel; Merayo, Mercedes G.","Advances in Computational Collective Intelligence: 16th International Conference, ICCCI 2024, Leipzig, Germany, September 9–11, 2024, Proceedings, Part II",String B,EXCLUDE,"EC4: Title does not focus on mutation testing/mutants; mainly about test generation, fuzzing, code generation, defect prediction, or another SE topic.",,
220,Assessing Effectiveness of Test Suites: What Do We Know and What Should We Do?,"Zhang, Peng; Wang, Yang; Liu, Xutong; Lu, Zeyu; Yang, Yibiao; Li, Yanhui; Chen, Lin; Wang, Ziyuan; Sun, Chang-Ai; Yu, Xiao; Zhou, Yuming",ACM Transactions on Software Engineering and Methodology,String B,EXCLUDE,"EC4: Title does not focus on mutation testing/mutants; mainly about test generation, fuzzing, code generation, defect prediction, or another SE topic.",,
221,MUPPAAL: Efficient Elimination and Reduction of Useless Mutants in Real‐Time Model‐Based Systems,"Cuartas, Jaime; Cortés, David; Betancourt, Joan; Aranda, Jesús; Cordy, Maxime; Ortiz, James; Perrouin, Gilles; Schobbens, Pierre‐Yves","Software Testing, Verification and Reliability",String B,EXCLUDE,"Excluded by IC4: the paper removes equivalent/duplicate mutants using bisimulation/simulation strategies for timed automata, but does not apply AI/ML/LLM or intelligent optimization.",,
222,An Evolutionary Algorithm and a Clustering Technique to Select Good Subsets of Test for Finite State Machines,"Benito-Parejo, Miguel; Méndez, Manuel; Merayo, Mercedes G.",Advances in Computational Collective Intelligence,String B,EXCLUDE,"EC4: Title does not focus on mutation testing/mutants; mainly about test generation, fuzzing, code generation, defect prediction, or another SE topic.",,
223,RATEN: an efficient robustness analysis and test enhancement framework for state machines,"Babaei, Majid; Guéhéneuc, Yann-Gaël",Software and Systems Modeling,String B,EXCLUDE,"EC4: Title does not focus on mutation testing/mutants; mainly about test generation, fuzzing, code generation, defect prediction, or another SE topic.",,
224,MBFL-DKMR: Improving Mutation-based Fault Localization through Denoising-based Kill Matrix Refinement,"Liu, Hengyuan; Song, Xia; Liu, Yong; Li, Zheng",,String B,Unsure,"Related because it refines mutation-based fault localization kill matrices with signal-processing techniques and quantitative Defects4J results, but it focuses on fault localization rather than mutant selection/testing cost reduction.",EXCLUDE,"Excluded by IC4 / RQ mismatch: The paper focuses on mutation-based fault localization and kill-matrix refinement. Mutation data is used for fault localization, but the study does not address LLM-based mutant selection/ranking or mutation-testing effort reduction."
225,On accelerating deep neural network mutation analysis by neuron and mutant clustering,"Lyons, Lauren; Ghanbari, Ali","2025 IEEE Conference on Software Testing, Verification and Validation (ICST)",String B,EXCLUDE,"Excluded by population/scope: the paper concerns mutation analysis of deep neural networks and DNN test data/model robustness, not mutation testing of conventional software projects such as Java code.",,
226,Decomposition of Deep Neural Networks into Modules via Mutation Analysis,"Ghanbari, Ali",Proceedings of the 33rd ACM SIGSOFT International Symposium on Software Testing and Analysis,String B,EXCLUDE,"Excluded by EC4: the paper uses neuron mutation for DNN module decomposition, which is model analysis/decomposition rather than software mutation testing for test-suite adequacy.",,
227,Enhancing Smart Contract Reliability: Dynamic Approaches for Quality Assurance,"Barboni, Morena",,String B,EXCLUDE,"EC4: Title does not focus on mutation testing/mutants; mainly about test generation, fuzzing, code generation, defect prediction, or another SE topic.",,
228,"FLIMs: Fault Localization Interference Mutants, Definition, Recognition and Mitigation","Liu, Hengyuan; Li, Zheng; Wang, Donghua; Wu, Yankai; Chen, Xiang; Liu, Yong",,String B,EXCLUDE,EC4: Mutation is used in a different context and the title does not indicate AI-guided mutant selection/ranking for Java projects.,,
229,Speeding Up Genetic Improvement via Regression Test Selection,"Guizzo, Giovani; Williams, David; Harman, Mark; Petke, Justyna; Sarro, Federica",ACM Transactions on Software Engineering and Methodology,String B,EXCLUDE,"EC4: Title does not focus on mutation testing/mutants; mainly about test generation, fuzzing, code generation, defect prediction, or another SE topic.",,
230,Optimizing Mutation-Based Fault Localization Through Contribution-Based Test Case Reduction,"Wang, Haifeng; Yang, Kun; Wu, Tong",International Journal of Software Engineering and Knowledge Engineering,String B,EXCLUDE,"Excluded by EC2/insufficient abstract evidence: the record indicates PDF not found, so eligibility cannot be confirmed.",,
231,Evaluating LLMs for One-Shot Patching of Real and Artificial Vulnerabilities,"Garg, Aayush; Khan, Zanis Ali; Degiovanni, Renzo; Tang, Qiang",,String B,EXCLUDE,"EC4: Title does not focus on mutation testing/mutants; mainly about test generation, fuzzing, code generation, defect prediction, or another SE topic.",,
232,Benchmarking of unit tests generated by LLM,"Tuchyňa, Dominik",,String B,EXCLUDE,"EC4: Title does not focus on mutation testing/mutants; mainly about test generation, fuzzing, code generation, defect prediction, or another SE topic.",,
233,Automatic Fault Localization in the context of Automatic Program Repair,"Vacheret, Romain",,String B,EXCLUDE,"EC4: Title does not focus on mutation testing/mutants; mainly about test generation, fuzzing, code generation, defect prediction, or another SE topic.",,
234,"AI-Driven Software Test Automation: An AI4SE-Oriented Survey of Techniques, Tools, and Challenges","Faraji, Aazaade; Pombo, Nuno",IEEE Access,String B,EXCLUDE,"EC4: Title does not focus on mutation testing/mutants; mainly about test generation, fuzzing, code generation, defect prediction, or another SE topic.",,
235,Unlocking Optimal ORM Database Designs: Accelerated Tradeoff Analysis with Transformers,"Hasan, Md Rashedul; Hasan, Mohammad Rashedul; Bagheri, Hamid",Proceedings of the ACM on Software Engineering,String B,EXCLUDE,"EC4: Title does not focus on mutation testing/mutants; mainly about test generation, fuzzing, code generation, defect prediction, or another SE topic.",,
236,SURE: A Visualized Failure Indexing Approach Using Program Memory Spectrum,"Song, Yi; Zhang, Xihao; Xie, Xiaoyuan; Chen, Songqiang; Liu, Quanming; Gao, Ruizhi",ACM Transactions on Software Engineering and Methodology,String B,EXCLUDE,"EC4: Title does not focus on mutation testing/mutants; mainly about test generation, fuzzing, code generation, defect prediction, or another SE topic.",,
237,Neural Bug Detection,"Richter, Cedric",,String B,EXCLUDE,"EC4: Title does not focus on mutation testing/mutants; mainly about test generation, fuzzing, code generation, defect prediction, or another SE topic.",,
238,Beyond Code Generation: Assessing Code LLM Maturity with Postconditions,"He, Fusen; Zhai, Juan; Pan, Minxue",,String B,EXCLUDE,"EC4: Title does not focus on mutation testing/mutants; mainly about test generation, fuzzing, code generation, defect prediction, or another SE topic.",,
239,A Comparative Evaluation of Search-Based and Mutation-Driven LLM Test Generation: Pynguin and MuTAP,"Tabassum, Radia",,String C,EXCLUDE,"Excluded by EC2/insufficient abstract evidence: the record indicates PDF not found, so eligibility cannot be confirmed despite the title being potentially relevant.",,
240,Defining and Estimating Mutation Technical Debt: A Governance Metric for Mutation Testing Management,"Vincenzi, Auri; Paiva, Ana CR; Delamaro, Marcio E.; Maldonado, José Carlos",Available at SSRN 6799070,String C,EXCLUDE,EC4: Mutation is used in a different context and the title does not indicate AI-guided mutant selection/ranking for Java projects.,,
241,Improving students’ testing skill through mutation testing with modified feedback and training,"Mansur, Rifat Sabbir; Domino, Molly; Thompson, Jennifer Alexandra; Shaffer, Clifford A.; Edwards, Stephen H.",Computer Science Education,String C,EXCLUDE,EC4: Mutation is used in a different context and the title does not indicate AI-guided mutant selection/ranking for Java projects.,,
242,Illuminating Integration: A Critical Examination of Test Coverage Reporting in Continuous Integration Environments,"Reynolds, Michael A.",International Journal Of Engineering And Computer Science,String C,EXCLUDE,"EC4: Title does not focus on mutation testing/mutants; mainly about test generation, fuzzing, code generation, defect prediction, or another SE topic.",,
243,An empirical evaluation of white-box and black-box test case prioritization techniques in CPSs modeled in Simulink,"Arrieta, Aitor",Empirical Software Engineering,String C,EXCLUDE,"EC4: Title does not focus on mutation testing/mutants; mainly about test generation, fuzzing, code generation, defect prediction, or another SE topic.",,
244,A Systematic Literature Review on Design for Testability Approaches in Software Systems,"Abbasi, Narges; Parsa, Saeed; Zakeri, Morteza",ACM Computing Surveys,String C,EXCLUDE,"EC4: Title does not focus on mutation testing/mutants; mainly about test generation, fuzzing, code generation, defect prediction, or another SE topic.",,
245,Industrial Application of Deep Learning based Fault Localization with Mutation Features,"Yang, Heechan; Lee, Ahcheong; Cho, Kyutae; Kim, Yunsam",,String C,Unsure,"Related because it uses deep learning with mutation-based fault localization features and reports industrial quantitative cost/accuracy results, but the main focus is fault localization rather than mutant selection or mutation testing optimization itself.",EXCLUDE,Excluded by IC4 / RQ mismatch: The paper applies deep learning to fault localization with mutation features in an industrial setting. It is not focused on LLM-based mutant selection/ranking or reducing mutation-testing effort compared with random mutant selection.
246,Unsupervised Software Defect Prediction in Haskell: A Metrics-Driven Ensemble Approach Using Function-Level Thresholding,"Kumar, Rakesh; Chaturvedi, Amrita",Arabian Journal for Science and Engineering,String C,EXCLUDE,"EC4: Title does not focus on mutation testing/mutants; mainly about test generation, fuzzing, code generation, defect prediction, or another SE topic.",,
247,Is Fault Localization Effective on Industrial Software? A Case Study on Computer-Aided Engineering Projects,"Ren, Zhilei; Ma, Yue; Li, Xiaochen; Guo, Shikai; Jiang, He",ACM Transactions on Software Engineering and Methodology,String C,EXCLUDE,"EC4: Title does not focus on mutation testing/mutants; mainly about test generation, fuzzing, code generation, defect prediction, or another SE topic.",,
248,From Separate Compilation to Sound Language Composition,"Bruzzone, Federico; Cazzola, Walter; Favalli, Luca",arXiv preprint arXiv:2602.03777,String C,EXCLUDE,"EC4: Title does not focus on mutation testing/mutants; mainly about test generation, fuzzing, code generation, defect prediction, or another SE topic.",,
249,DeFT: Maintaining Determinism and Extracting Module Tests for Autonomous Driving Planning,"Huai, Yuqi; Chen, Yuntianyi; Wan, Ziwen; Chen, Qi Alfred; Garcia, Joshua",,String C,EXCLUDE,"EC4: Title does not focus on mutation testing/mutants; mainly about test generation, fuzzing, code generation, defect prediction, or another SE topic.",,
