id,title,authors,year,venue,search_strings,v1_decision,v1_reason
1,Dynamic adaptive search based software engineering,Mark Harman and Edmund Burke and John A. Clark and Xin Yao,2012,International Symposium on Empirical Software Engineering and Measurement,String A,EXCLUDE, EC4 — không v? mutation testing (ngoài ph?m vi)
2,An analysis of rule coverage as a criterion in generating minimal test suites for grammar-based software,Mark Hennessy and James F. Power,2005,"20th IEEE/ACM International Conference on Automated Software Engineering, ASE 2005",String A,EXCLUDE, EC4 — không v? mutation testing (ngoài ph?m vi)
3,Multi-objective coevolutionary automated software correction,Josh L. Wilkerson and Daniel R. Tauritz and James M. Bridges,2012,GECCO'12 - Proceedings of the 14th International Conference on Genetic and Evolutionary Computation,String A,EXCLUDE, EC4 — không v? mutation testing (ngoài ph?m vi)
4,An ontology for guiding performance testing,Artur Freitas and Renata Vieira,2014,"Proceedings - 2014 IEEE/WIC/ACM International Joint Conference on Web Intelligence and Intelligent Agent Technology - Workshops, WI-IAT 2014",String A,EXCLUDE, EC4 — không v? mutation testing (ngoài ph?m vi)
5,MAJOR: An efficient and extensible tool for mutation analysis in a Java compiler,Rene Just and Franz Schweiggert and Gregory M. Kapfhammer,2011,"2011 26th IEEE/ACM International Conference on Automated Software Engineering, ASE 2011, Proceedings",String A,EXCLUDE, EC4 — mutation testing nh?ng không dùng AI/ML/LLM
6,Application of design for verification with concurrency controllers to air traffic control software,Aysu Betin-Can and Tevfik Bultan and Mikael Lindvall and Benjamin Lux and Stefan Topp,2005,"20th IEEE/ACM International Conference on Automated Software Engineering, ASE 2005",String A,EXCLUDE, EC4 — không v? mutation testing (ngoài ph?m vi)
7,A novel approach to optimize clone refactoring activity,Salah Bouktif and Giuliano Aritoniol and Ettore Merlo and Markus Neteler,2006,GECCO 2006 - Genetic and Evolutionary Computation Conference,String A,EXCLUDE, EC4 — mutation testing nh?ng không dùng AI/ML/LLM
8,What test oracle should i use for effective GUI testing?,Atif Memon and Ishan Banerjee and Adithya Nagarajan,2003,"Proceedings - 18th IEEE International Conference on Automated Software Engineering, ASE 2003",String A,EXCLUDE, EC4 — không v? mutation testing (ngoài ph?m vi)
9,Coverage rewarded: Test input generation via adaptation-based programming,Alex Groce,2011,"2011 26th IEEE/ACM International Conference on Automated Software Engineering, ASE 2011, Proceedings",String A,EXCLUDE, EC4 — không v? mutation testing (ngoài ph?m vi)
10,A brief survey of program slicing,Baowen Xu and Ju Qian and Xiaofang Zhang and Zhongqiang Wu and Lin Chen,2005,ACM SIGSOFT Software Engineering Notes,String A,EXCLUDE, EC4 — không v? mutation testing (ngoài ph?m vi)
11,Constraint-based test data generation in the presence of stack-directed pointers,Arnaud Gotlieb and Tristan Denmat and Bernard Botella,2005,"20th IEEE/ACM International Conference on Automated Software Engineering, ASE 2005",String A,EXCLUDE, EC4 — mutation testing nh?ng không dùng AI/ML/LLM
12,EvoSuite: Automatic test suite generation for object-oriented software,Gordon Fraser and Andrea Arcuri,2011,SIGSOFT/FSE 2011 - Proceedings of the 19th ACM SIGSOFT Symposium on Foundations of Software Engineering,String A,EXCLUDE, EC4 — không v? mutation testing (ngoài ph?m vi)
13,Localizing SQL faults in database applications,Sarah R. Clark and Jake Cobb and Gregory M. Kapfhammer and James A. Jones and Mary Jean Harrold,2011,"2011 26th IEEE/ACM International Conference on Automated Software Engineering, ASE 2011, Proceedings",String A,EXCLUDE, EC4 — không v? mutation testing (ngoài ph?m vi)
14,Search-based failure discovery using testability transformations to generate pseudo-oracles,Phil McMinn,2009,"Proceedings of the 11th Annual Genetic and Evolutionary Computation Conference, GECCO-2009",String A,EXCLUDE, EC4 — không v? mutation testing (ngoài ph?m vi)
15,"Search-based software engineering: Trends, techniques and applications",Mark Harman and S. Afshin Mansouri and Yuanyuan Zhang,2012,ACM Computing Surveys,String A,EXCLUDE, EC4 — không v? mutation testing (ngoài ph?m vi)
16,"Frontmatter (TOC, Letters, Philosophy of computer science, Interviewers needed, Taking software requirements creation from folklore to analysis, SW components and product lines: from business to systems and technology, Software engineering survey)",,2005,ACM SIGSOFT Software Engineering Notes,String A + String C,EXCLUDE, EC4 — không v? mutation testing (ngoài ph?m vi)
17,Continuous test generation: Enhancing continuous integration with automated test generation,JosÃ© Campos and Andrea Arcuri and Gordon Fraser and Rui Abreu,2014,ASE 2014 - Proceedings of the 29th ACM/IEEE International Conference on Automated Software Engineering,String A,EXCLUDE, EC4 — không v? mutation testing (ngoài ph?m vi)
18,Operator-based and random mutant selection: Better together,Lingming Zhang and Milos Gligoric and Darko Marinov and Sarfraz Khurshid,2013,"2013 28th IEEE/ACM International Conference on Automated Software Engineering, ASE 2013 - Proceedings",String A + String B,EXCLUDE, EC4 — mutation testing nh?ng không dùng AI/ML/LLM
19,Test case generation from natural language requirements based on SCR specifications,Gustavo Carvalho and Diogo FalcÃ£o and FlÃ¡via Barros and Augusto Sampaio and Alexandre Mota and Leonardo Motta and Mark Blackburn,2013,Proceedings of the ACM Symposium on Applied Computing,String A,EXCLUDE, EC4 — mutation testing nh?ng không dùng AI/ML/LLM
20,Automated variability analysis and testing of an e-commerce site. An experience report,Sergio Segura and Ana B. SÃ¡nchez and Antonio Ruiz-CortÃ©s,2014,ASE 2014 - Proceedings of the 29th ACM/IEEE International Conference on Automated Software Engineering,String A,EXCLUDE, EC4 — không v? mutation testing (ngoài ph?m vi)
21,PYTHIA: Generating test cases with oracles for JavaScript applications,Shabnam Mirshokraie and Ali Mesbah and Karthik Pattabiraman,2013,"2013 28th IEEE/ACM International Conference on Automated Software Engineering, ASE 2013 - Proceedings",String A,EXCLUDE, EC4 — không v? mutation testing (ngoài ph?m vi)
22,CCmutator: A mutation generator for concurrency constructs in multithreaded C/C++ applications,Markus Kusano and Chao Wang,2013,"2013 28th IEEE/ACM International Conference on Automated Software Engineering, ASE 2013 - Proceedings",String A,EXCLUDE, EC4 — mutation testing nh?ng không dùng AI/ML/LLM
23,An automated approach to estimating code coverage measures via execution logs,Boyuan Chen and Jian Song and Peng Xu and Xing Hu and Zhen Ming Jiang,2018,ASE 2018 - Proceedings of the 33rd ACM/IEEE International Conference on Automated Software Engineering,String A,EXCLUDE, EC4 — không v? mutation testing (ngoài ph?m vi)
24,Model-driven run-time enforcement of complex role-based access control policies,Ameni Ben Fadhel and Domenico Bianculli and Lionel C. Briand,2018,ASE 2018 - Proceedings of the 33rd ACM/IEEE International Conference on Automated Software Engineering,String A,EXCLUDE, EC4 — không v? mutation testing (ngoài ph?m vi)
25,Automated unit test generation for classes with environment dependencies,Andrea Arcuri and Gordon Fraser and Juan Pablo Galeotti,2014,ASE 2014 - Proceedings of the 29th ACM/IEEE International Conference on Automated Software Engineering,String A,EXCLUDE, EC4 — không v? mutation testing (ngoài ph?m vi)
26,JaConTeBe: A benchmark suite of real-world Java concurrency bugs,Ziyi Lin and Darko Marinov and Hao Zhong and Yuting Chen and Jianjun Zhao,2016,"Proceedings - 2015 30th IEEE/ACM International Conference on Automated Software Engineering, ASE 2015",String A,EXCLUDE, EC4 — không v? mutation testing (ngoài ph?m vi)
27,A learning algorithm for change impact prediction,Vincenzo Musco and Antonin Carette and Martin Monperrus and Philippe Preux,2016,"Proceedings - 5th International Workshop on Realizing Artificial Intelligence Synergies in Software Engineering, RAISE 2016",String A,EXCLUDE, EC4 — mutation testing nh?ng không dùng AI/ML/LLM
28,Evolutionary robustness testing of data processing systems using models and data mutation,Daniel Di Nardo and Fabrizio Pastore and Andrea Arcuri and Lionel Briand,2016,"Proceedings - 2015 30th IEEE/ACM International Conference on Automated Software Engineering, ASE 2015",String A,EXCLUDE, EC4 — không v? mutation testing (ngoài ph?m vi)
29,Angels and monsters: An empirical investigation of potential test effectiveness and efficiency improvement from strongly subsuming higher order mutation,Mark Harman and Yue Jia and Pedro Reales Mateo and Macario Polo,2014,ASE 2014 - Proceedings of the 29th ACM/IEEE International Conference on Automated Software Engineering,String A,EXCLUDE, EC4 — mutation testing nh?ng không dùng AI/ML/LLM
30,Mutation-based fault localization for real-world multilingual programs,Shin Hong and Byeongcheol Lee and Taehoon Kwak and Yiru Jeon and Bongsuk Ko and Yunho Kim and Moonzoo Kim,2016,"Proceedings - 2015 30th IEEE/ACM International Conference on Automated Software Engineering, ASE 2015",String A,EXCLUDE, EC4 — mutation testing nh?ng không dùng AI/ML/LLM
31,How verified is my code? Falsification-driven verification,Alex Groce and Iftekhar Ahmed and Carlos Jensen and Paul E. McKenney,2016,"Proceedings - 2015 30th IEEE/ACM International Conference on Automated Software Engineering, ASE 2015",String A,EXCLUDE, EC4 — mutation testing nh?ng không dùng AI/ML/LLM
32,GRT: Program-analysis-guided random testing,Lei Ma and Cyrille Artho and Cheng Zhang and Hiroyuki Sato and Johannes Gmeiner and Rudolf Ramler,2016,"Proceedings - 2015 30th IEEE/ACM International Conference on Automated Software Engineering, ASE 2015",String A,EXCLUDE, EC4 — mutation testing nh?ng không dùng AI/ML/LLM
33,Test analysis: Searching for faults in tests,Matias Waterloo and Suzette Person and Sebastian Elbaum,2016,"Proceedings - 2015 30th IEEE/ACM International Conference on Automated Software Engineering, ASE 2015",String A,EXCLUDE, EC4 — không v? mutation testing (ngoài ph?m vi)
34,Strong mutation-based test data generation using hill climbing,Francisco Carlos M. Souza and Mike Papadakis and Yves Le Traon and MÃ¡rcio E. Delamaro,2016,"Proceedings - 9th International Workshop on Search-Based Software Testing, SBST 2016",String A,EXCLUDE, EC4 — mutation testing nh?ng không dùng AI/ML/LLM
35,DeepGauge: Multi-granularity testing criteria for deep learning systems,Lei Ma and Felix Juefei-Xu and Fuyuan Zhang and Jiyuan Sun and Minhui Xue and Bo Li and Chunyang Chen and Ting Su and Li Li and Yang Liu and Jianjun Zhao and Yadong Wang,2018,ASE 2018 - Proceedings of the 33rd ACM/IEEE International Conference on Automated Software Engineering,String A,EXCLUDE, EC4 — không v? mutation testing (ngoài ph?m vi)
36,What makes killing a mutant hard,Willem Visser,2016,ASE 2016 - Proceedings of the 31st IEEE/ACM International Conference on Automated Software Engineering,String A,EXCLUDE, EC4 — mutation testing nh?ng không dùng AI/ML/LLM
37,Recommending relevant classes for bug reports using multi-objective search,Rafi Almhana and Wiem Mkaouer and Marouane Kessentini and Ali Ouni,2016,ASE 2016 - Proceedings of the 31st IEEE/ACM International Conference on Automated Software Engineering,String A,EXCLUDE, EC4 — không v? mutation testing (ngoài ph?m vi)
38,Supporting oracle construction via static analysis,Junjie Chen and Yanwei Bai and Dan Hao and Lingming Zhang and Lu Zhang and Bing Xie and Hong Mei,2016,ASE 2016 - Proceedings of the 31st IEEE/ACM International Conference on Automated Software Engineering,String A,EXCLUDE, EC4 — không v? mutation testing (ngoài ph?m vi)
39,Descartes: A pitest engine to detect pseudo-tested methods: Tool demonstration,Oscar Luis Vera-PÃ©rez and Martin Monperrus and Benoit Baudry,2018,ASE 2018 - Proceedings of the 33rd ACM/IEEE International Conference on Automated Software Engineering,String A,EXCLUDE, EC4 — mutation testing nh?ng không dùng AI/ML/LLM
40,How many of all bugs do we find? A study of static bug detectors,Andrew Habib and Michael Pradel,2018,ASE 2018 - Proceedings of the 33rd ACM/IEEE International Conference on Automated Software Engineering,String A,EXCLUDE, EC4 — không v? mutation testing (ngoài ph?m vi)
41,Automated model repair for alloy,Kaiyuan Wang and Allison Sullivan and Sarfraz Khurshid,2018,ASE 2018 - Proceedings of the 33rd ACM/IEEE International Conference on Automated Software Engineering,String A,EXCLUDE, EC4 — mutation testing nh?ng không dùng AI/ML/LLM
42,SRciror: A toolset for mutation testing of C source code and LLVM intermediate representation,Farah Hariri and August Shi,2018,ASE 2018 - Proceedings of the 33rd ACM/IEEE International Conference on Automated Software Engineering,String A,EXCLUDE, EC4 — mutation testing nh?ng không dùng AI/ML/LLM
43,Spectrum-based fault localization in model transformations,Javier Troya and Sergio Segura and Jose Antonio Parejo and Antonio Ruiz-CortÃ©s,2018,ACM Transactions on Software Engineering and Methodology,String A,EXCLUDE, EC4 — không v? mutation testing (ngoài ph?m vi)
44,"Revisiting the Relationship between Fault Detection, Test Adequacy Criteria, and Test Set Size",Yiqun T. Chen and Rahul Gopinath and Anita Tadakamalla and Michael D. Ernst and Reid Holmes and Gordon Fraser and Paul Ammann and Rene Just,2020,"Proceedings - 2020 35th IEEE/ACM International Conference on Automated Software Engineering, ASE 2020",String A,EXCLUDE, EC4 — mutation testing nh?ng không dùng AI/ML/LLM
45,Mutation analysis for Coq,Ahmet Celik and Karl Palmskog and Marinela Parovic and Emilio Jesus Gallego Arias and Milos Gligoric,2019,"Proceedings - 2019 34th IEEE/ACM International Conference on Automated Software Engineering, ASE 2019",String A,EXCLUDE, EC4 — mutation testing nh?ng không dùng AI/ML/LLM
46,RTPTorrent: An Open-source Dataset for Evaluating Regression Test Prioritization,Toni Mattis and Patrick Rein and Falco DÃ¼rsch and Robert Hirschfeld,2020,"Proceedings - 2020 IEEE/ACM 17th International Conference on Mining Software Repositories, MSR 2020",String A,EXCLUDE, EC4 — không v? mutation testing (ngoài ph?m vi)
47,Personalized and automatic model repairing using reinforcement learning,Angela Barriga and Adrian Rutle and Rogardt Heldal,2019,"Proceedings - 2019 ACM/IEEE 22nd International Conference on Model Driven Engineering Languages and Systems Companion, MODELS-C 2019",String A,EXCLUDE, EC4 — không v? mutation testing (ngoài ph?m vi)
48,Automatic unit test generation for machine learning libraries: How far are we?,Song Wang and Nishtha Shrestha and Abarna Kucheri Subburaman and Junjie Wang and Moshi Wei and Nachiappan Nagappan,2021,Proceedings - International Conference on Software Engineering,String A + String C,INCLUDE,
49,MuSC: A tool for mutation testing of ethereum smart contract,Zixin Li and Haoran Wu and Jiehui Xu and Xingya Wang and Lingming Zhang and Zhenyu Chen,2019,"Proceedings - 2019 34th IEEE/ACM International Conference on Automated Software Engineering, ASE 2019",String A,EXCLUDE, EC4 — mutation testing nh?ng không dùng AI/ML/LLM
50,Toward practical automatic program repair,Ali Ghanbari,2019,"Proceedings - 2019 34th IEEE/ACM International Conference on Automated Software Engineering, ASE 2019",String A,EXCLUDE, EC4 — mutation testing nh?ng không dùng AI/ML/LLM
51,Enhancing genetic improvement of software with regression test selection,Giovani Guizzo and Justyna Petke and Federica Sarro and Mark Harman,2021,Proceedings - International Conference on Software Engineering,String A + String C,EXCLUDE, EC4 — không v? mutation testing (ngoài ph?m vi)
52,A Survey of AIOps Methods for Failure Management,Paolo Notaro and Jorge Cardoso and Michael Gerndt,2021,ACM Transactions on Intelligent Systems and Technology,String A,EXCLUDE, EC4 — không v? mutation testing (ngoài ph?m vi)
53,Methods and tools for policy analysis,Amani Abu Jabal and Maryam Davari and Elisa Bertino and Christian Makaya and Seraphin Calo and Dinesh Verma and Alessandra Russo and Christopher Williams,2019,ACM Computing Surveys,String A + String B,EXCLUDE, EC4 — không v? mutation testing (ngoài ph?m vi)
54,Test behaviour detection as a test refactoring safety,Brent Van Bladel and Serge Demeyer,2018,"IWoR 2018 - Proceedings of the 2nd International Workshop on Refactoring, co-located with ASE 2018",String A,EXCLUDE, EC4 — không v? mutation testing (ngoài ph?m vi)
55,Automated generation of consistent models with structural and attribute constraints,OszkÃ¡r SemerÃ¡th and Aren A. Babikian and Anqi Li and KristÃ³f Marussy and Daniel VarrÃ³,2020,"Proceedings - 23rd ACM/IEEE International Conference on Model Driven Engineering Languages and Systems, MODELS 2020",String A,EXCLUDE, EC4 — không v? mutation testing (ngoài ph?m vi)
56,Mind the Gap: Are Practitioners and Researchers in Software Testing Speaking the Same Language?,Ronnie E.S. Santos and Ayse Basar Bener and Maria Teresa Baldassarre and Cleyton V.C. Magalhaes and Jorge S. Correia-Neto and Fabio Q.B. Da Silva,2019,"Proceedings - 2019 IEEE/ACM Joint 7th International Workshop on Conducting Empirical Studies in Industry and 6th International Workshop on Software Engineering Research and Industrial Practice, CESSER-IP 2019",String A,EXCLUDE, EC4 — không v? mutation testing (ngoài ph?m vi)
57,"Automating TEST Case Design, Selection and Evaluation Report on 10 Editions of A-TESTWorkshop",Tanja E. J. Vos and I. S. W. B. Prasetya and Sigrid Eldh and Sinem Getir and Ali Parsai and Pekka Aho,2020,ACM SIGSOFT Software Engineering Notes,String A,EXCLUDE, EC4 — không v? mutation testing (ngoài ph?m vi)
58,GAssert: A Fully Automated Tool to Improve Assertion Oracles,Valerio Terragni and Gunel Jahangirova and Paolo Tonella and Mauro Pezze,2021,Proceedings - International Conference on Software Engineering,String A,EXCLUDE, EC4 — mutation testing nh?ng không dùng AI/ML/LLM
59,"Towards Robustness of Deep Program Processing Models-Detection, Estimation, and Enhancement",Huangzhao Zhang and Zhiyi Fu and Ge Li and Lei Ma and Zhehao Zhao and Hua'An Yang and Yizhe Sun and Yang Liu and Zhi Jin,2022,ACM Transactions on Software Engineering and Methodology,String A,EXCLUDE, EC4 — không v? mutation testing (ngoài ph?m vi)
60,Studying the usage of text-to-text transfer transformer to support code-related tasks,Antonio Mastropaolo and Simone Scalabrino and Nathan Cooper and David Nader Palacio and Denys Poshyvanyk and Rocco Oliveto and Gabriele Bavota,2021,Proceedings - International Conference on Software Engineering,String A,INCLUDE,
61,PraPR: Practical program repair via bytecode mutation,Ali Ghanbari and Lingming Zhang,2019,"Proceedings - 2019 34th IEEE/ACM International Conference on Automated Software Engineering, ASE 2019",String A,EXCLUDE, EC4 — mutation testing nh?ng không dùng AI/ML/LLM
62,Test Automation in Open-Source Android Apps: A Large-Scale Empirical Study,Jun Wei Lin and Navid Salehnamadi and Sam Malek,2020,"Proceedings - 2020 35th IEEE/ACM International Conference on Automated Software Engineering, ASE 2020",String A,EXCLUDE, EC4 — không v? mutation testing (ngoài ph?m vi)
63,MutAPK: Source-codeless mutant generation for android apps,Camilo Escobar-Velasquez and Michael Osorio-Riano and Mario Linares-Vasquez,2019,"Proceedings - 2019 34th IEEE/ACM International Conference on Automated Software Engineering, ASE 2019",String A,EXCLUDE, EC4 — mutation testing nh?ng không dùng AI/ML/LLM
64,GEVO: GPU Code Optimization Using Evolutionary Computation,Jhe Yu Liou and Xiaodong Wang and Stephanie Forrest and Carole Jean Wu,2020,ACM Transactions on Architecture and Code Optimization,String A,EXCLUDE, EC4 — không v? mutation testing (ngoài ph?m vi)
65,ProFL: A fault localization framework for Prolog,George Thompson and Allison K. Sullivan,2020,ISSTA 2020 - Proceedings of the 29th ACM SIGSOFT International Symposium on Software Testing and Analysis,String A,EXCLUDE, EC4 — không v? mutation testing (ngoài ph?m vi)
66,A study of oracle approximations in testing deep learning libraries,Mahdi Nejadgholi and Jinqiu Yang,2019,"Proceedings - 2019 34th IEEE/ACM International Conference on Automated Software Engineering, ASE 2019",String A,EXCLUDE, EC4 — không v? mutation testing (ngoài ph?m vi)
67,Footprints of fitness functions in search-based software testing,Carlos Oliveira and Yuan Fang Li and Aldeida Aleti and Mohamed Abdelrazek,2019,GECCO 2019 - Proceedings of the 2019 Genetic and Evolutionary Computation Conference,String A,EXCLUDE, EC4 — không v? mutation testing (ngoài ph?m vi)
68,Generating Accurate Assert Statements for Unit Test Cases using Pretrained Transformers,Michele Tufano and Dawn Drain and Alexey Svyatkovskiy and Neel Sundaresan,2022,"Proceedings - 3rd ACM/IEEE International Conference on Automation of Software Test, AST 2022",String A,EXCLUDE, EC4 — không v? mutation testing (ngoài ph?m vi)
69,On the Effectiveness of Unified Debugging: An Extensive Study on 16 Program Repair Systems,Samuel Benton and Xia Li and Yiling Lou and Lingming Zhang,2020,"Proceedings - 2020 35th IEEE/ACM International Conference on Automated Software Engineering, ASE 2020",String A,EXCLUDE, EC4 — không v? mutation testing (ngoài ph?m vi)
70,Software Testing Effort Estimation and Related Problems,Ilona Bluemke and Agnieszka Malanowska,2022,ACM Computing Surveys,String A + String C,EXCLUDE, EC4 — không v? mutation testing (ngoài ph?m vi)
71,A systematic review on software robustness assessment,Nuno Laranjeiro and JoÃ£o Agnelo and Jorge Bernardino,2022,ACM Computing Surveys,String A,EXCLUDE, EC4 — không v? mutation testing (ngoài ph?m vi)
72,Faster Mutation Analysis with Fewer Processes and Smaller Overheads,Bo Wang and Sirui Lu and Yingfei Xiong and Feng Liu,2021,"Proceedings - 2021 36th IEEE/ACM International Conference on Automated Software Engineering, ASE 2021",String A,EXCLUDE, EC4 — mutation testing nh?ng không dùng AI/ML/LLM
73,A Survey on Deep Learning for Software Engineering,Yanming Yang and Xin Xia and David Lo and John Grundy,2022,ACM Computing Surveys,String A,EXCLUDE, EC4 — không v? mutation testing (ngoài ph?m vi)
74,Do bugs lead to unnaturalness of source code?,Yanjie Jiang and Hui Liu and Yuxia Zhang and Weixing Ji and Hao Zhong and Lu Zhang,2022,ESEC/FSE 2022 - Proceedings of the 30th ACM Joint Meeting European Software Engineering Conference and Symposium on the Foundations of Software Engineering,String A,EXCLUDE, EC4 — không v? mutation testing (ngoài ph?m vi)
75,"A Taxonomy of Information Attributes for Test Case Prioritisation: Applicability, Machine Learning",Aurora RamÃ­rez and Robert Feldt and JosÃ© RaÃºl Romero,2023,ACM Transactions on Software Engineering and Methodology,String A + String C,EXCLUDE, EC4 — không v? mutation testing (ngoài ph?m vi)
76,QDiff: Differential Testing of Quantum Software Stacks,Jiyuan Wang and Qian Zhang and Guoqing Harry Xu and Miryung Kim,2021,"Proceedings - 2021 36th IEEE/ACM International Conference on Automated Software Engineering, ASE 2021",String A,EXCLUDE, EC4 — không v? mutation testing (ngoài ph?m vi)
77,Learning to Construct Better Mutation Faults,Zhao Tian and Junjie Chen and Qihao Zhu and Junjie Yang and Lingming Zhang,2022,ACM International Conference Proceeding Series,String A,INCLUDE,
78,Continuous Integration and Delivery Practices for Cyber-Physical Systems: An Interview-Based Study,Fiorella Zampetti and Damian Tamburri and Sebastiano Panichella and Annibale Panichella and Gerardo Canfora and Massimiliano Di Penta,2023,ACM Transactions on Software Engineering and Methodology,String A + String C,EXCLUDE, EC4 — không v? mutation testing (ngoài ph?m vi)
79,An initial investigation of ChatGPT unit test generation capability,Vitor Guilherme and Auri Vincenzi,2023,ACM International Conference Proceeding Series,String A,INCLUDE,
80,Automating Code-Related Tasks Through Transformers: The Impact of Pre-training,Rosalia Tufano and Luca Pascarella and Gabriele Bavota,2023,Proceedings - International Conference on Software Engineering,String A,EXCLUDE, EC4 — không v? mutation testing (ngoài ph?m vi)
81,Formal Specification and Testing for Reinforcement Learning,Mahsa Varshosaz and Mohsen Ghaffari and Einar Broch Johnsen and Andrzej Wasowski,2023,Proceedings of the ACM on Programming Languages,String A,INCLUDE,
82,A Survey of Learning-based Automated Program Repair,Quanjun Zhang and Chunrong Fang and Yuxiang Ma and Weisong Sun and Zhenyu Chen,2023,ACM Transactions on Software Engineering and Methodology,String A + String C,EXCLUDE, EC4 — không v? mutation testing (ngoài ph?m vi)
83,Searching for Quality: Genetic Algorithms and Metamorphic Testing for Software Engineering ML,Leonhard Applis and Annibale Panichella and Ruben Marang,2023,GECCO 2023 - Proceedings of the 2023 Genetic and Evolutionary Computation Conference,String A,EXCLUDE, EC4 — không v? mutation testing (ngoài ph?m vi)
84,Large Language Models for Test-Free Fault Localization,Aidan Z.H. Yang and Ruben Martins and Claire Le Goues and Vincent J. Hellendoorn,2024,Proceedings - International Conference on Software Engineering,String A,EXCLUDE, EC4 — không v? mutation testing (ngoài ph?m vi)
85,Contextual Predictive Mutation Testing,Kush Jain and Uri Alon and Alex Groce and Claire Le Goues,2023,ESEC/FSE 2023 - Proceedings of the 31st ACM Joint Meeting European Software Engineering Conference and Symposium on the Foundations of Software Engineering,String A,INCLUDE,
86,LaF: Labeling-free Model Selection for Automated Deep Neural Network Reusing,Qiang Hu and Yuejun Guo and Xiaofei Xie and Maxime Cordy and Mike Papadakis and Yves Le Traon,2023,ACM Transactions on Software Engineering and Methodology,String A,EXCLUDE, EC4 — không v? mutation testing (ngoài ph?m vi)
87,CodaMosa: Escaping Coverage Plateaus in Test Generation with Pre-trained Large Language Models,Caroline Lemieux and Jeevana Priya Inala and Shuvendu K. Lahiri and Siddhartha Sen,2023,Proceedings - International Conference on Software Engineering,String A + String C,EXCLUDE, EC4 — không v? mutation testing (ngoài ph?m vi)
88,RoboWorld: Verification of Robotic Systems with Environment in the Loop,James Baxter and Gustavo Carvalho and Ana Cavalcanti and Francisco Rodrigues JÃºnior,2023,Formal Aspects of Computing,String A,EXCLUDE, EC4 — không v? mutation testing (ngoài ph?m vi)
89,Who Judges the Judge: An Empirical Study on Online Judge Tests,Kaibo Liu and Yudong Han and Jie M. Zhang and Zhenpeng Chen and Federica Sarro and Mark Harman and Gang Huang and Yun Ma,2023,ISSTA 2023 - Proceedings of the 32nd ACM SIGSOFT International Symposium on Software Testing and Analysis,String A,INCLUDE,
90,Beyond Accuracy: An Empirical Study on Unit Testing in Open-source Deep Learning Projects,Han Wang and Sijia Yu and Chunyang Chen and Burak Turhan and Xiaodong Zhu,2024,ACM Transactions on Software Engineering and Methodology,String A,EXCLUDE, EC4 — không v? mutation testing (ngoài ph?m vi)
91,An Empirical Comparison of Pre-Trained Models of Source Code,Changan Niu and Chuanyi Li and Vincent Ng and Dongxiao Chen and Jidong Ge and Bin Luo,2023,Proceedings - International Conference on Software Engineering,String A,EXCLUDE, EC4 — không v? mutation testing (ngoài ph?m vi)
92,GPT-3-Powered Type Error Debugging: Investigating the Use of Large Language Models for Code Repair,Francisco Ribeiro and JosÃ© Nuno Castro De MacEdo and Kanae Tsushima and Rui Abreu and JoÃ£o Saraiva,2023,"SLE 2023 - Proceedings of the 16th ACM SIGPLAN International Conference on Software Language Engineering, Co-located with: SPLASH 2023",String A,EXCLUDE, EC4 — không v? mutation testing (ngoài ph?m vi)
93,"An Experimental Study Evaluating Cost, Adequacy, and Effectiveness of Pynguin's Test Sets",Lucca Guerino and Auri Vincenzi,2023,ACM International Conference Proceeding Series,String A + String C,EXCLUDE, EC4 — mutation testing nh?ng không dùng AI/ML/LLM
94,Evaluating Large Language Models in Class-Level Code Generation,Xueying Du and Mingwei Liu and Kaixin Wang and Hanlin Wang and Junwei Liu and Yixuan Chen and Jiayi Feng and Chaofeng Sha and Xin Peng and Yiling Lou,2024,Proceedings - International Conference on Software Engineering,String A,EXCLUDE, EC4 — không v? mutation testing (ngoài ph?m vi)
95,CrossCodeBench: Benchmarking Cross-Task Generalization of Source Code Models,Changan Niu and Chuanyi Li and Vincent Ng and Bin Luo,2023,Proceedings - International Conference on Software Engineering,String A,EXCLUDE, EC4 — không v? mutation testing (ngoài ph?m vi)
96,SAC 2023: Track Editorial [IoT and Edge Computing],Hong Min and Sabur Baidya,2023,Proceedings of the ACM Symposium on Applied Computing,String A + String C,EXCLUDE, EC4 — không v? mutation testing (ngoài ph?m vi)
97,Automated Program Repair in the Era of Large Pre-trained Language Models,Chunqiu Steven Xia and Yuxiang Wei and Lingming Zhang,2023,Proceedings - International Conference on Software Engineering,String A,EXCLUDE, EC4 — không v? mutation testing (ngoài ph?m vi)
98,Beyond Functional Correctness: An Exploratory Study on the Time Efficiency of Programming Assignments,Yida Tao and Wenyan Chen and Qingyang Ye and Yao Zhao,2024,Proceedings - International Conference on Software Engineering,String A + String C,EXCLUDE, EC4 — không v? mutation testing (ngoài ph?m vi)
99,Natural Symbolic Execution-Based Testing for Big Data Analytics,Yaoxuan Wu and Ahmad Humayun and Muhammad Ali Gulzar and Miryung Kim,2024,Proceedings of the ACM on Software Engineering,String A,EXCLUDE, EC4 — không v? mutation testing (ngoài ph?m vi)
100,Code-Aware Prompting: A Study of Coverage-Guided Test Generation in Regression Setting using LLM,Gabriel Ryan and Siddhartha Jain and Mingyue Shang and Shiqi Wang and Xiaofei Ma and Murali Krishna Ramanathan and Baishakhi Ray,2024,Proceedings of the ACM on Software Engineering,String A,EXCLUDE, EC4 — không v? mutation testing (ngoài ph?m vi)
101,Automatic Repair of Quantum Programs via Unitary Operation,Yuechen Li and Hanyu Pei and Linzhi Huang and Beibei Yin and Kai Yuan Cai,2024,ACM Transactions on Software Engineering and Methodology,String A,EXCLUDE, EC4 — không v? mutation testing (ngoài ph?m vi)
102,AI-Assisted User Intent Formalization for Programs: Problem and Applications (Invited Talk),Shuvendu K. Lahiri,2024,Association for Computing Machinery (ACM),String A,EXCLUDE, EC4 — không v? mutation testing (ngoài ph?m vi)
103,An Empirical Study on How Large Language Models Impact Software Testing Learning,Simone Mezzaro and Alessio Gambi and Gordon Fraser,2024,ACM International Conference Proceeding Series,String A,INCLUDE,
104,Can Large Language Models Transform Natural Language Intent into Formal Method Postconditions?,Madeline Endres and Sarah Fakhoury and Saikat Chakraborty and Shuvendu K. Lahiri,2024,Proceedings of the ACM on Software Engineering,String A,EXCLUDE, EC4 — không v? mutation testing (ngoài ph?m vi)
105,Faster Feedback with AI? A Test Prioritization Study,Toni Mattis and Lukas BÃ¶hme and Eva Krebs and Martin C. Rinard and Robert Hirschfeld,2024,"Programming Companion 2024 - Proceedings of the 8th International Conference on on the Art, Science, and Engineering of Programming",String A + String C,EXCLUDE, EC4 — không v? mutation testing (ngoài ph?m vi)
106,Mutation Testing for Task-Oriented Chatbots,Pablo GÃ³mez-Abajo and Sara PÃ©rez-Soler and Pablo C. CaÃ±izares and Esther Guerra and Juan De Lara,2024,ACM International Conference Proceeding Series,String A + String C,INCLUDE,
107,Learning to Detect and Localize Multilingual Bugs,Haoran Yang and Yu Nong and Tao Zhang and Xiapu Luo and Haipeng Cai,2024,Proceedings of the ACM on Software Engineering,String A,EXCLUDE, EC4 — không v? mutation testing (ngoài ph?m vi)
108,Unprecedented Code Change Automation: The Fusion of LLMs and Transformation by Example,Malinda Dilhara and Abhiram Bellur and Timofey Bryksin and Danny Dig,2024,Proceedings of the ACM on Software Engineering,String A,EXCLUDE, EC4 — không v? mutation testing (ngoài ph?m vi)
109,Syntest-JavaScript: Automated Unit-Level Test Case Generation for JavaScript,Mitchell Olsthoorn and Dimitri Stallenberg and Annibale Panichella,2024,"Proceedings - 2024 IEEE/ACM International Workshop on Search-Based and Fuzz Testing, SBFT 2024",String A,EXCLUDE, EC4 — không v? mutation testing (ngoài ph?m vi)
110,Mutation-based consistency testing for evaluating the code understanding capability of llms,Ziyu Li and Donghwan Shin,2024,"Proceedings - 2024 IEEE/ACM 3rd International Conference on AI Engineering - Software Engineering for AI, CAIN 2024",String A,INCLUDE,
111,Syntax Is All You Need: A Universal-Language Approach to Mutant Generation,Sourav Deb and Kush Jain and Rijnard van Tonder and Claire Le Goues and Alex Groce,2024,Proceedings of the ACM on Software Engineering,String A + String C,EXCLUDE, EC4 — mutation testing nh?ng không dùng AI/ML/LLM
112,DeciX: Explain Deep Learning Based Code Generation Applications,Simin Chen and Zexin Li and Wei Yang and Cong Liu,2024,Proceedings of the ACM on Software Engineering,String A,EXCLUDE, EC4 — không v? mutation testing (ngoài ph?m vi)
113,NaturalFuzz: Natural Input Generation for Big Data Analytics,Ahmad Humayun and Yaoxuan Wu and Miryung Kim and Muhammad Ali Gulzar,2023,"Proceedings - 2023 38th IEEE/ACM International Conference on Automated Software Engineering, ASE 2023",String A,EXCLUDE, EC4 — không v? mutation testing (ngoài ph?m vi)
114,Engaging Developers in Exploratory Unit Testing through Gamification,Philipp Straubinger and Gordon Fraser,2024,"Gamify 2024 - Proceedings of the 3rd ACM International Workshop on Gamification in Software Development, Verification, and Validation, Co-located with: ISSTA 2024",String A,EXCLUDE, EC4 — không v? mutation testing (ngoài ph?m vi)
115,Benchmarking Automated Program Repair: An Extensive Study on Both Real-World and Artificial Bugs,Yicheng Ouyang and Jun Yang and Lingming Zhang,2024,ISSTA 2024 - Proceedings of the 33rd ACM SIGSOFT International Symposium on Software Testing and Analysis,String A,INCLUDE,
116,Large Language Models for Equivalent Mutant Detection: How Far Are We?,Zhao Tian and Honglin Shu and Dong Wang and Xuejie Cao and Yasutaka Kamei and Junjie Chen,2024,ISSTA 2024 - Proceedings of the 33rd ACM SIGSOFT International Symposium on Software Testing and Analysis,String A,INCLUDE,
117,Using Deep Learning to Automatically Improve Code Readability,Antonio Vitale and Valentina Piantadosi and Simone Scalabrino and Rocco Oliveto,2023,"Proceedings - 2023 38th IEEE/ACM International Conference on Automated Software Engineering, ASE 2023",String A,EXCLUDE, EC4 — không v? mutation testing (ngoài ph?m vi)
118,"To Share, or Not to Share: Exploring Test-Case Reusability in Fork Ecosystems",Mukelabai Mukelabai and Christoph Derks and Jacob KrÃ¼ger and Thorsten Berger,2023,"Proceedings - 2023 38th IEEE/ACM International Conference on Automated Software Engineering, ASE 2023",String A,EXCLUDE, EC4 — không v? mutation testing (ngoài ph?m vi)
119,Domain Adaptation for Code Model-Based Unit Test Case Generation,Jiho Shin and Sepehr Hashtroudi and Hadi Hemmati and Song Wang,2024,ISSTA 2024 - Proceedings of the 33rd ACM SIGSOFT International Symposium on Software Testing and Analysis,String A + String C,INCLUDE,
120,Learning the Effects of Software Changes,Laura Plein,2024,ISSTA 2024 - Proceedings of the 33rd ACM SIGSOFT International Symposium on Software Testing and Analysis,String A,EXCLUDE, EC4 — không v? mutation testing (ngoài ph?m vi)
121,Gamma: Revisiting Template-Based Automated Program Repair Via Mask Prediction,Quanjun Zhang and Chunrong Fang and Tongke Zhang and Bowen Yu and Weisong Sun and Zhenyu Chen,2023,"Proceedings - 2023 38th IEEE/ACM International Conference on Automated Software Engineering, ASE 2023",String A,EXCLUDE, EC4 — không v? mutation testing (ngoài ph?m vi)
122,CAT-LM Training Language Models on Aligned Code And Tests,Nikitha Rao and Kush Jain and Uri Alon and Claire Le Goues and Vincent J. Hellendoorn,2023,"Proceedings - 2023 38th IEEE/ACM International Conference on Automated Software Engineering, ASE 2023",String A,EXCLUDE, EC4 — không v? mutation testing (ngoài ph?m vi)
123,ExpressAPR: Efficient Patch Validation for Java Automated Program Repair Systems,Yuan An Xiao and Chenyang Yang and Bo Wang and Yingfei Xiong,2023,"Proceedings - 2023 38th IEEE/ACM International Conference on Automated Software Engineering, ASE 2023",String A,EXCLUDE, EC4 — mutation testing nh?ng không dùng AI/ML/LLM
124,Semantic Conformance Testing of Relational DBMS,Shuang Liu and Chenglin Tian and Jun Sun and Ruifeng Wang and Wei Lu and Yongxin Zhao and Yinxing Xue and Junjie Wang and Xiaoyong Du,2025,Proceedings of the VLDB Endowment,String A,EXCLUDE, EC4 — không v? mutation testing (ngoài ph?m vi)
125,Fuzzing for CPS Mutation Testing,Jaekwon Lee and Enrico ViganÃ² and Oscar Cornejo and Fabrizio Pastore and Lionel Briand,2023,"Proceedings - 2023 38th IEEE/ACM International Conference on Automated Software Engineering, ASE 2023",String A,EXCLUDE, EC4 — mutation testing nh?ng không dùng AI/ML/LLM
126,MR-Adopt: Automatic Deduction of Input Transformation Function for Metamorphic Testing,Congying Xu and Songqiang Chen and Jiarong Wu and Shing Chi Cheung and Valerio Terragni and Hengcheng Zhu and Jialun Cao,2024,"Proceedings - 2024 39th ACM/IEEE International Conference on Automated Software Engineering, ASE 2024",String A,INCLUDE,
127,Regression mutation testing,Lingming Zhang and Darko Marinov and Lu Zhang and Sarfraz Khurshid,2012,Association for Computing Machinery (ACM),String B,EXCLUDE, EC4 — mutation testing nh?ng không dùng AI/ML/LLM
128,Test-case generation for embedded simulink via formal concept analysis,Nannan He and Philipp RÃ¼mmer and Daniel Kroening,2011,Proceedings - Design Automation Conference,String B,EXCLUDE, EC4 — mutation testing nh?ng không dùng AI/ML/LLM
129,Is mutation an appropriate tool for testing experiments?,J. H. Andrews and L. C. Briand and Y. Labiche,2005,"Proceedings - 27th International Conference on Software Engineering, ICSE05",String B,EXCLUDE, EC4 — mutation testing nh?ng không dùng AI/ML/LLM
130,Using fault history to improve mutation reduction,Laura Inozemtseva and Hadi Hemmati and Reid Holmes,2013,"2013 9th Joint Meeting of the European Software Engineering Conference and the ACM SIGSOFT Symposium on the Foundations of Software Engineering, ESEC/FSE 2013 - Proceedings",String B,EXCLUDE, EC4 — mutation testing nh?ng không dùng AI/ML/LLM
131,Selective mutation testing for concurrent code,Milos Gligoric and Lingming Zhang and Cristiano Pereira and Gilles Pokam,2013,"2013 International Symposium on Software Testing and Analysis, ISSTA 2013 - Proceedings",String B,EXCLUDE, EC4 — mutation testing nh?ng không dùng AI/ML/LLM
132,The major mutation framework: Efficient and scalable mutation analysis for Java,RenÃ© Just,2014,"2014 International Symposium on Software Testing and Analysis, ISSTA 2014 - Proceedings",String B,EXCLUDE, EC4 — mutation testing nh?ng không dùng AI/ML/LLM
133,Effective fault localization via mutation analysis: A selective mutation approach,Mike Papadakis and Yves Le Traon,2014,Proceedings of the ACM Symposium on Applied Computing,String B,EXCLUDE, EC4 — mutation testing nh?ng không dùng AI/ML/LLM
134,Assessing Effectiveness of Test Suites: What Do We Know and What Should We Do?,Peng Zhang and Yang Wang and Xutong Liu and Zeyu Lu and Yibiao Yang and Yanhui Li and Lin Chen and Ziyuan Wang and Chang Ai Sun and Xiao Yu and Yuming Zhou,2024,ACM Transactions on Software Engineering and Methodology,String B,EXCLUDE, EC4 — mutation testing nh?ng không dùng AI/ML/LLM
135,Threats to the validity of mutation-based test assessment,Mike Papadakis and Christopher Henard and Mark Harman and Yue Jia and Yves Le Traon,2016,ISSTA 2016 - Proceedings of the 25th International Symposium on Software Testing and Analysis,String B,EXCLUDE, EC4 — mutation testing nh?ng không dùng AI/ML/LLM
136,Predictive mutation testing,Jie Zhang and Ziyi Wang and Lingming Zhang and Dan Hao and Lei Zang and Shiyang Cheng and Lu Zhang,2016,ISSTA 2016 - Proceedings of the 25th International Symposium on Software Testing and Analysis,String B,EXCLUDE,IC2 â€” xuáº¥t báº£n trÆ°á»›c 2018
137,Investigating Coverage Guided Fuzzing with Mutation Testing,Ruixiang Qian and Quanjun Zhang and Chunrong Fang and Lihua Guo,2022,ACM International Conference Proceeding Series,String B,EXCLUDE, EC4 — mutation testing nh?ng không dùng AI/ML/LLM
138,Fault-localization techniques for software systems,Pragya Agarwal and Arun Prakash Agrawal,2014,ACM SIGSOFT Software Engineering Notes,String B,EXCLUDE, EC4 — không v? mutation testing (ngoài ph?m vi)
139,GiGAn: Evolutionary mutation testing for C++ object-oriented systems,Pedro Delgado-PÃ©rez and Inmaculada Medina-Bulo and Sergio Segura and Antonio GarcÃ­a-DomÃ­nguez and Juan JosÃ© DomÃ­nguez-JimÃ©nez,2017,Proceedings of the ACM Symposium on Applied Computing,String B,EXCLUDE, EC4 — mutation testing nh?ng không dùng AI/ML/LLM
140,Spotting Code Mutation for Predictive Mutation Testing,Yifan Zhao and Yizhou Chen and Zeyu Sun and Qingyuan Liang and Guoqing Wang and Dan Hao,2024,"Proceedings - 2024 39th ACM/IEEE International Conference on Automated Software Engineering, ASE 2024",String B,INCLUDE,
141,A variability perspective of mutation analysis,Xavier Devroey and Mike Papadakis and Gilles Perrouin and Axel Legay and Maxime Cordy and Pierre Yves Schobbens,2014,Proceedings of the ACM SIGSOFT Symposium on the Foundations of Software Engineering,String B,EXCLUDE, EC4 — mutation testing nh?ng không dùng AI/ML/LLM
142,Turning programs against each other: High coverage fuzz-testing using binary-code mutation and dynamic slicing,Ulf KargÃ©n and Nahid Shahmehri,2015,"2015 10th Joint Meeting of the European Software Engineering Conference and the ACM SIGSOFT Symposium on the Foundations of Software Engineering, ESEC/FSE 2015 - Proceedings",String B,EXCLUDE, EC4 — không v? mutation testing (ngoài ph?m vi)
143,Change-aware mutation testing for evolving systems,MiloÅ¡ OjdaniÄ‡,2022,ESEC/FSE 2022 - Proceedings of the 30th ACM Joint Meeting European Software Engineering Conference and Symposium on the Foundations of Software Engineering,String B,EXCLUDE, EC4 — mutation testing nh?ng không dùng AI/ML/LLM
144,Evaluating non-adequate test-case reduction,Mohammad Amin Alipour and August Shi and Rahul Gopinath and Darko Marinov and Alex Groce,2016,ASE 2016 - Proceedings of the 31st IEEE/ACM International Conference on Automated Software Engineering,String B,EXCLUDE, EC4 — mutation testing nh?ng không dùng AI/ML/LLM
145,d(mu)Reg: A path-aware mutation analysis guided approach to regression testing,Chang Ai Sun and Cuiyang Fan and Zhen Wang and Huai Liu,2017,"Proceedings - 2017 IEEE/ACM 12th International Workshop on Automation of Software Testing, AST 2017",String B,EXCLUDE, EC4 — mutation testing nh?ng không dùng AI/ML/LLM
146,Evaluating random mutant selection at class-level in projects with non-adequate test suites,Ali Parsai and Alessandro Murgia and Serge Demeyer,2016,ACM International Conference Proceeding Series,String B,EXCLUDE, EC4 — mutation testing nh?ng không dùng AI/ML/LLM
147,On the limits of mutation reduction strategies,Rahul Gopinath and Mohammad Amin Alipour and Iftekhar Ahmed and Carlos Jensen and Alex Groce,2016,Proceedings - International Conference on Software Engineering,String B,EXCLUDE, EC4 — mutation testing nh?ng không dùng AI/ML/LLM
148,Mutant Reduction Evaluation: What is There and What is Missing?,Peng Zhang and Yang Wang and Xutong Liu and Yanhui Li and Yibiao Yang and Ziyuan Wang and Xiaoyu Zhou and Lin Chen and Yuming Zhou,2022,ACM Transactions on Software Engineering and Methodology,String B,EXCLUDE, EC4 — mutation testing nh?ng không dùng AI/ML/LLM
149,Measuring effectiveness of sample-based product-line testing,Sebastian Ruland and Sascha Lity and Lars Luthmann and Thomas ThÃ¼m and MÃ¡rcio Ribeiro and Johannes BÃ¼rdek and Malte Lochau,2018,"GPCE 2018 - Proceedings of the 17th ACM SIGPLAN International Conference on Generative Programming: Concepts and Experiences, co-located with SPLASH 2018",String B,EXCLUDE, EC4 — mutation testing nh?ng không dùng AI/ML/LLM
150,Towards mutation analysis for use cases,Huihui Zhang and Tao Yue and Shaukat Ali and Chao Liu,2016,"Proceedings - 19th ACM/IEEE International Conference on Model Driven Engineering Languages and Systems, MODELS 2016",String B,EXCLUDE, EC4 — mutation testing nh?ng không dùng AI/ML/LLM
151,Java unit testing tool competition: Sixth round,Urko Rueda Molina and Fitsum Kifetew and Annibale Panichella,2018,Proceedings - International Conference on Software Engineering,String B,EXCLUDE, EC4 — mutation testing nh?ng không dùng AI/ML/LLM
152,On the utility of dominator mutants for mutation testing,Bob Kurtz,2016,Proceedings of the ACM SIGSOFT Symposium on the Foundations of Software Engineering,String B,EXCLUDE, EC4 — mutation testing nh?ng không dùng AI/ML/LLM
153,"Are mutants really natural?: A study on how ""naturalness"" helps mutant selection",Matthieu Jimenez and Thiery Titcheu Checkam and Maxime Cordy and Mike Papadakis and Marinos Kintis and Yves Le Traon and Mark Harman,2018,International Symposium on Empirical Software Engineering and Measurement,String B,INCLUDE,
154,MutAPK 2.0: A tool for reducing mutation testing effort of Android apps,Camilo Escobar-VelÃ¡squez and Diego Riveros and Mario Linares-VÃ¡squez,2020,ESEC/FSE 2020 - Proceedings of the 28th ACM Joint Meeting European Software Engineering Conference and Symposium on the Foundations of Software Engineering,String B,EXCLUDE, EC4 — mutation testing nh?ng không dùng AI/ML/LLM
155,Evaluating different strategies for reduction of mutation testing costs,Jackson A. Prado Lima and Giovani Guizzo and Silvia R. Vergilio and Alan P.C. Silva and Helson L. Jakubovski Filho and Henrique V. Ehrenfried,2016,ACM International Conference Proceeding Series,String B,EXCLUDE, EC4 — mutation testing nh?ng không dùng AI/ML/LLM
156,Inferring mutant utility from program context,Rene Just and Bob Kurtz and Paul Ammann,2017,ISSTA 2017 - Proceedings of the 26th ACM SIGSOFT International Symposium on Software Testing and Analysis,String B,EXCLUDE, EC4 — mutation testing nh?ng không dùng AI/ML/LLM
157,Efficiently finding higher-order mutants,Chu Pan Wong and Jens Meinicke and Leo Chen and JoÃ£o P. Diniz and Christian KÃ¤stner and Eduardo Figueiredo,2020,ESEC/FSE 2020 - Proceedings of the 28th ACM Joint Meeting European Software Engineering Conference and Symposium on the Foundations of Software Engineering,String B,EXCLUDE, EC4 — mutation testing nh?ng không dùng AI/ML/LLM
158,Keeping Mutation Test Suites Consistent and Relevant with Long-Standing Mutants,Milos Ojdanic and Mike Papadakis and Mark Harman,2023,ESEC/FSE 2023 - Proceedings of the 31st ACM Joint Meeting European Software Engineering Conference and Symposium on the Foundations of Software Engineering,String B,EXCLUDE, EC4 — mutation testing nh?ng không dùng AI/ML/LLM
159,Analyzing the validity of selective mutation with dominator mutants,Bob Kurtz and Paul Ammann and Jeff Offutt and MÃ¡rcio E. Delamaro and Mariet Kurtz and Nida GÃ¶kÃ§e,2016,Proceedings of the ACM SIGSOFT Symposium on the Foundations of Software Engineering,String B,EXCLUDE, EC4 — mutation testing nh?ng không dùng AI/ML/LLM
160,Poster: Predicting the fault revelation utility of mutants,Thierry Titcheu Chekam and Mike Papadakis and TegawendÃ© BissyandÃ© and Yves Le Traon,2018,Proceedings - International Conference on Software Engineering,String B,EXCLUDE,EC3 â€” poster / extended abstract
161,Fault-based product-line testing: Effective sample generation based on feature-diagram mutation,Dennis Reuling and Johannes BÃ¼rdek and Serge RotÃ¤rmel and Malte Lochau and Udo Kelter,2015,ACM International Conference Proceeding Series,String B,EXCLUDE, EC4 — mutation testing nh?ng không dùng AI/ML/LLM
162,iBiR: Bug-report-driven Fault Injection,Ahmed Khanfir and Anil Koyuncu and Mike Papadakis and Maxime Cordy and Tegawende F. BissyandÃ© and Jacques Klein and Yves Le Traon,2023,ACM Transactions on Software Engineering and Methodology,String B,EXCLUDE, EC4 — mutation testing nh?ng không dùng AI/ML/LLM
163,MuRS: Mutant Ranking and Suppression using Identifier Templates,Zimin Chen and MaÅ‚gorzata Salawa and Manushree Vijayvergiya and Goran PetroviÄ‡ and Marko IvankoviÄ‡ and RenÃ© Just,2023,ESEC/FSE 2023 - Proceedings of the 31st ACM Joint Meeting European Software Engineering Conference and Symposium on the Foundations of Software Engineering,String B,EXCLUDE, EC4 — mutation testing nh?ng không dùng AI/ML/LLM
164,MuDelta: Delta-oriented mutation testing at commit time,Wei Ma and Thierry Titcheu Chekam and Mike Papadakis and Mark Harman,2021,Proceedings - International Conference on Software Engineering,String B,INCLUDE,
165,Predictive Mutation Analysis via the Natural Language Channel in Source Code,Jinhan Kim and Juyoung Jeon and Shin Hong and Shin Yoo,2022,ACM Transactions on Software Engineering and Methodology,String B,INCLUDE,
166,Prioritizing Mutants to Guide Mutation Testing,Samuel J. Kaufman and Ryan Featherman and Justin Alvin and Bob Kurtz and Paul Ammann and Rene Just,2022,Proceedings - International Conference on Software Engineering,String B,UNSURE,ChÆ°a rÃµ káº¿t quáº£ thá»±c nghiá»‡m trong abstract â€” kiá»ƒm tra full-text
167,Mutation Testing in Evolving Systems: Studying the Relevance of Mutants to Code Evolution,Milos Ojdanic and Ezekiel Soremekun and Renzo Degiovanni and Mike Papadakis and Yves Le Traon,2023,ACM Transactions on Software Engineering and Methodology,String B,INCLUDE,
168,Cost measures matter for mutation testing study validity,Giovani Guizzo and Federica Sarro and Mark Harman,2020,ESEC/FSE 2020 - Proceedings of the 28th ACM Joint Meeting European Software Engineering Conference and Symposium on the Foundations of Software Engineering,String B,EXCLUDE, EC4 — mutation testing nh?ng không dùng AI/ML/LLM
169,LEAM++: Learning for Selective Mutation Fault Construction,Zhao Tian and Junjie Chen and Dong Wang and Qihao Zhu and Xingyu Fan and Lingming Zhang,2025,ACM Transactions on Software Engineering and Methodology,String B,INCLUDE,
170,Guiding Greybox Fuzzing with Mutation Testing,Vasudev Vikram and Isabella Laybourn and Ao Li and Nicole Nair and Kelton Obrien and Rafaello Sanna and Rohan Padhye,2023,ISSTA 2023 - Proceedings of the 32nd ACM SIGSOFT International Symposium on Software Testing and Analysis,String B,EXCLUDE, EC4 — mutation testing nh?ng không dùng AI/ML/LLM
171,PRIMG : Efficient LLM-driven Test Generation Using Mutant Prioritization,Mohamed Salah Bouafif and Mohammad Hamdaqa and Edward Zulkoski,2025,"Proceedings of the 29th International Conference on Evaluation and Assessment in Software Engineering , EASE, 2025 edition, EASE 2025",String B,INCLUDE,
172,Reducing combinatorics in GUI testing of android applications,Nariman Mirzaei and Joshua Garcia and Hamid Bagheri and Alireza Sadeghi and Sam Malek,2016,Proceedings - International Conference on Software Engineering,String C,EXCLUDE, EC4 — không v? mutation testing (ngoài ph?m vi)
173,Applying the meta-heuristic algorithms for mutation-based Test data generation for Simulink models,Le Thi My Hanh and Nguyen Thanh Binh and Khuat Thanh Tung,2014,ACM International Conference Proceeding Series,String C,EXCLUDE, EC4 — mutation testing nh?ng không dùng AI/ML/LLM
174,Guidelines for coverage-based comparisons of non-adequate test suites,Milos Gligoric and Alex Groce and Chaoqiang Zhang and Rohan Sharma and Mohammad Amin Alipour and Darko Marinov,2015,ACM Transactions on Software Engineering and Methodology,String C,EXCLUDE, EC4 — không v? mutation testing (ngoài ph?m vi)
175,The State and Future of Genetic Improvement,William B. Langdon and Westley Weimer and Christopher Timperley and Oliver Krauss and Zhen Yu Ding and Yiwei Lyu and Nicolas Chausseau and Eric Schulte and Shin Hwei Tan and Kevin Leach and Yu Huang and Gabin An,2019,ACM SIGSOFT Software Engineering Notes,String C,EXCLUDE, EC4 — không v? mutation testing (ngoài ph?m vi)
176,GIN: Genetic improvement research made easy,Alexander E.I. Brownlee and Earl T. Barr and Justyna Petke and Markus Wagner and Brad Alexander and David R. White,2019,GECCO 2019 - Proceedings of the 2019 Genetic and Evolutionary Computation Conference,String C,EXCLUDE, EC4 — không v? mutation testing (ngoài ph?m vi)
177,Test-based security certification of composite services,Marco Anisetti and Claudio Ardagna and Ernesto Damiani and Gianluca Polegri,2018,ACM Transactions on the Web,String C,EXCLUDE, EC4 — không v? mutation testing (ngoài ph?m vi)
178,Handling SQL Databases in Automated System Test Generation,Andrea Arcuri and Juan P. Galeotti,2020,ACM Transactions on Software Engineering and Methodology,String C,EXCLUDE, EC4 — không v? mutation testing (ngoài ph?m vi)
179,Assessing dependability with software fault injection: A survey,Roberto Natella and Domenico Cotroneo and Henrique S. Madeira,2016,ACM Computing Surveys,String C,EXCLUDE, EC4 — không v? mutation testing (ngoài ph?m vi)
180,"Testing high performance numerical simulation programs: Experience, lessons learned, and open issues",Xiao He and Xingwei Wang and Jia Shi and Yi Liu,2020,ISSTA 2020 - Proceedings of the 29th ACM SIGSOFT International Symposium on Software Testing and Analysis,String C,EXCLUDE, EC4 — không v? mutation testing (ngoài ph?m vi)
181,Enabledness-based Testing of Object Protocols,Javier Godoy and Juan Pablo Galeotti and Diego Garbervetsky and SebastiÃ¡n Uchitel,2021,ACM Transactions on Software Engineering and Methodology,String C,EXCLUDE, EC4 — không v? mutation testing (ngoài ph?m vi)
182,Using Relative Lines of Code to Guide Automated Test Generation for Python,Josie Holmes and Iftekhar Ahmed and Caius Brindescu and Rahul Gopinath and He Zhang and Alex Groce,2020,ACM Transactions on Software Engineering and Methodology,String C,EXCLUDE, EC4 — không v? mutation testing (ngoài ph?m vi)
183,Smart Contract Repair,Xiao Liang Yu and Omar Al-Bataineh and David Lo and Abhik Roychoudhury,2020,ACM Transactions on Software Engineering and Methodology,String C,EXCLUDE, EC4 — không v? mutation testing (ngoài ph?m vi)
184,Coverage-Based Testing of Obligations in NGAC Systems,Erzhuo Chen and Vladislav Dubrovenski and Dianxiang Xu,2023,"Proceedings of ACM Symposium on Access Control Models and Technologies, SACMAT",String C,EXCLUDE, EC4 — không v? mutation testing (ngoài ph?m vi)
185,Diversifying Focused Testing for Unit Testing,HÃ©ctor D. MenÃ©ndez and Gunel Jahangirova and Federica Sarro and Paolo Tonella and David Clark,2021,ACM Transactions on Software Engineering and Methodology,String C,EXCLUDE, EC4 — mutation testing nh?ng không dùng AI/ML/LLM
186,Are machine learning cloud APIs used correctly?,Chengcheng Wan and Shicheng Liu and Henry Hoffmann and Michael Maire and Shan Lu,2021,Proceedings - International Conference on Software Engineering,String C,EXCLUDE, EC4 — không v? mutation testing (ngoài ph?m vi)
187,Feature-Interaction Sampling for Scenario-based Testing of Advanced Driver Assistance Systems,Lukas Birkemeyer and Tobias Pett and Andreas Vogelsang and Christoph Seidl and Ina Schaefer,2022,ACM International Conference Proceeding Series,String C,EXCLUDE, EC4 — mutation testing nh?ng không dùng AI/ML/LLM
188,ACM SACMAT 2023 Chairs' Welcome,Silvio Ranise and Roberto Carbone and Daniel Takabi,2023,"Proceedings of ACM Symposium on Access Control Models and Technologies, SACMAT",String C,EXCLUDE, EC4 — không v? mutation testing (ngoài ph?m vi)
189,Preface,Tiago Boldt Sousa,2022,ACM International Conference Proceeding Series,String C,EXCLUDE, EC4 — không v? mutation testing (ngoài ph?m vi)
190,Testing RESTful APIs: A Survey,Amid Golmohammadi and Man Zhang and Andrea Arcuri,2023,ACM Transactions on Software Engineering and Methodology,String C,EXCLUDE, EC4 — không v? mutation testing (ngoài ph?m vi)
191,Message from the GI 2024 Workshop Chairs,,2024,"Proceedings - 2024 IEEE/ACM International Workshop on Genetic Improvement, GI 2024",String C,EXCLUDE, EC4 — không v? mutation testing (ngoài ph?m vi)
192,Integrating Mutation Testing Into Developer Workflow: An Industrial Case Study,Stefan Alexander Van Heijningen and Theo Wiik and Francisco Gomes De Oliveira Neto and Gregory Gay and Kim Viggedal and David Friberg,2024,"Proceedings - 2024 39th ACM/IEEE International Conference on Automated Software Engineering, ASE 2024",String C,EXCLUDE, EC4 — mutation testing nh?ng không dùng AI/ML/LLM
193,Revisiting Test-Case Prioritization on Long-Running Test Suites,Runxiang Cheng and Shuai Wang and Reyhaneh Jabbarvand and Darko Marinov,2024,ISSTA 2024 - Proceedings of the 33rd ACM SIGSOFT International Symposium on Software Testing and Analysis,String C,EXCLUDE, EC4 — không v? mutation testing (ngoài ph?m vi)
194,Welcome from the Chairs,Jonathan Edwards and Marcel Taeumel,2024,"Onward! 2024 - Proceedings of the 2024 ACM SIGPLAN International Symposium on New Ideas, New Paradigms, and Reflections on Programming and Software, Co-located with: SPLASH 2024",String C,EXCLUDE, EC4 — không v? mutation testing (ngoài ph?m vi)
195,Speeding Up Genetic Improvement via Regression Test Selection,Giovani Guizzo and David Williams and Mark Harman and Justyna Petke and Federica Sarro,2024,ACM Transactions on Software Engineering and Methodology,String C,EXCLUDE, EC4 — không v? mutation testing (ngoài ph?m vi)
196,EffFix: Efficient and Effective Repair of Pointer Manipulating Programs,Yuntong Zhang and Andreea Costea and Ridwan Shariffdeen and Davin McCall and Abhik Roychoudhury,2025,ACM Transactions on Software Engineering and Methodology,String C,EXCLUDE, EC4 — không v? mutation testing (ngoài ph?m vi)
197,Identifying Competence Gaps and Student Struggle by Monitoring Testing Performance,Axel BÃ¶ttcher and Veronika Thurner,2025,Proceedings of the 6th ECSEE 2025 - European Conference on Software Engineering Education,String C,EXCLUDE, EC4 — mutation testing nh?ng không dùng AI/ML/LLM
198,An Empirical Study of Testing Machine Learning in the Wild,Moses Openja and Foutse Khomh and Armstrong Foundjem and Zhen Mings Jiang and Mouna Abidi and Ahmed E. Hassan,2024,ACM Transactions on Software Engineering and Methodology,String C,INCLUDE,
199,Message from the ACM CCS 2024 General Co-Chairs,Bo Luo and Xiaojing Liao and Jun Xu,2024,CCS 2024 - Proceedings of the 2024 ACM SIGSAC Conference on Computer and Communications Security,String C,EXCLUDE, EC4 — không v? mutation testing (ngoài ph?m vi)
200,Harden and Catch for Just-in-Time Assured LLM-Based Software Testing: Open Research Challenges,Mark Harman and Peter Oâ€™Hearn and Shubho Sengupta,2025,Proceedings of the ACM SIGSOFT Symposium on the Foundations of Software Engineering,String C,EXCLUDE, EC4 — không v? mutation testing (ngoài ph?m vi)
201,The Sustainability Face of Automated Program Repair Tools,Matias Martinez and Silverio MartÃ­nez-FernÃ¡ndez and Xavier Franch,2025,ACM Transactions on Software Engineering and Methodology,String C,EXCLUDE, EC4 — không v? mutation testing (ngoài ph?m vi)
202,Leveraging Large Language Models for Enhancing the Understandability of Generated Unit Tests,Amirhossein Deljouyi and Roham Koohestani and Maliheh Izadi and Andy Zaidman,2025,Proceedings - International Conference on Software Engineering,String C,EXCLUDE, EC4 — không v? mutation testing (ngoài ph?m vi)
203,Just-In-Time Quality Assurance with Assistance of Automated Defect Prediction and Code Testing,Dawei Tian and Liyan Song and Xiaohong Su,2026,ACM Transactions on Software Engineering and Methodology,String C,EXCLUDE, EC4 — không v? mutation testing (ngoài ph?m vi)
204,Requirements-Based Test Generation: A Comprehensive Survey,Zhenzhen Yang and Rubing Huang and Chenhui Cui and Nan Niu and Dave Towey,2025,ACM Transactions on Software Engineering and Methodology,String C,EXCLUDE, EC4 — không v? mutation testing (ngoài ph?m vi)
205,Boosting Metamorphic Testing: A General Metamorphic Specification Language and A Supporting System,Chang-ai Sun and Siyi Wu and XiaoYi Zhang and Pak-Lok Poon,2026,ACM Transactions on Software Engineering and Methodology,String C,EXCLUDE, EC4 — không v? mutation testing (ngoài ph?m vi)
206,CITYWALK : Enhancing LLM-Based C++ Unit Test Generation via Project-Dependency Awareness and Language-Specific Knowledge,Yuwei Zhang and Qingyuan Lu and Kai Liu and Wensheng Dou and Jiaxin Zhu and Li Qian and Chunxi Zhang and Zheng Lin and Jun Wei,2025,ACM Transactions on Software Engineering and Methodology,String C,EXCLUDE, EC4 — không v? mutation testing (ngoài ph?m vi)
207,Fault Localization from the Semantic Code Search Perspective,Yihao Qin and Shangwen Wang and Yan Lei and Zhuo Zhang and Bo Lin and Xin Peng and Jun Ma and Liqian Chen and Xiaoguang Mao,2025,ACM Transactions on Software Engineering and Methodology,String C,EXCLUDE, EC4 — không v? mutation testing (ngoài ph?m vi)
